2000,1,25.178
2000,2,21.097
2000,3,17.325
2000,4,12.538
2000,5,7.8728
2000,6,9.6058
2000,7,8.4492
2000,8,9.3019
2000,9,9.0157
2000,10,11.919
2000,11,14.621
2000,12,21.908
2001,1,22.536
2001,2,21.617
2001,3,16.663
2001,4,12.558
2001,5,11.196
2001,6,6.2573
2001,7,5.6413
2001,8,9.2318
2001,9,10.218
2001,10,12.797
2001,11,14.605
2001,12,20.146
2002,1,22.445
2002,2,20.268
2002,3,17.88
2002,4,14.496
2002,5,7.6564
2002,6,8.2391
2002,7,6.9398
2002,8,6.3943
2002,9,10.841
2002,10,11.832
2002,11,18.53
2002,12,19.84
2003,1,22.298
2003,2,20.891
2003,3,17.203
2003,4,13.772
2003,5,12.452
2003,6,7.3298
2003,7,8
2003,8,9.778
2003,9,11.213
2003,10,11.685
2003,11,18.237
2003,12,19.294
2004,1,22.522
2004,2,20.981
2004,3,16.859
2004,4,12.296
2004,5,10.825
2004,6,10.902
2004,7,9.6316
2004,8,9.2949
2004,9,11.077
2004,10,11.394
2004,11,16.873
2004,12,18.835
2005,1,21.761
2005,2,19.628
2005,3,17.872
2005,4,14.36
2005,5,10.018
2005,6,7.8713
2005,7,6.262
2005,8,11.634
2005,9,10.838
2005,10,12.206
2005,11,19.862
2005,12,19.323
2006,1,23.695
2006,2,21.515
2006,3,18.513
2006,4,15.161
2006,5,8.6583
2006,6,6.0936
2006,7,7.0543
2006,8,7.9561
2006,9,10.032
2006,10,14.682
2006,11,16.226
2006,12,20.616
2007,1,22.985
2007,2,17.53
2007,3,20.473
2007,4,15.387
2007,5,7.9042
2007,6,6.188
2007,7,7.0075
2007,8,7.3492
2007,9,9.4825
2007,10,16.186
2007,11,20.263
2007,12,19.378
2008,1,23.041
2008,2,19.383
2008,3,17.248
2008,4,12.786
2008,5,9.2533
2008,6,6.0418
2008,7,8.6054
2008,8,7.2186
2008,9,11.856
2008,10,12.542
2008,11,19.003
2008,12,22.271
2009,1,21.73
2009,2,19.626
2009,3,18.168
2009,4,17.034
2009,5,10.802
2009,6,6.9541
2009,7,8.5712
2009,8,10.507
2009,9,9.5112
2009,10,12.411
2009,11,13.44
2009,12,21.315
2010,1,25.812
2010,2,17.632
2010,3,17.253
2010,4,13.943
2010,5,8.2243
2010,6,8.947
2010,7,7.4521
2010,8,10.05
2010,9,13.577
2010,10,14.509
2010,11,16.412
2010,12,18.377
2011,1,23.689
2011,2,21.832
2011,3,18.249
2011,4,16.55
2011,5,8.4881
2011,6,5.8189
2011,7,10.423
2011,8,9.4103
2011,9,12.59
2011,10,13.682
2011,11,14.554
2011,12,18.167
2012,1,22.106
2012,2,22.018
2012,3,19.735
2012,4,12.433
2012,5,10.985
2012,6,7.3811
2012,7,7.5801
2012,8,9.9198
2012,9,9.8912
2012,10,11.63
2012,11,18.986
2012,12,20.24
2013,1,23.782
2013,2,22.636
2013,3,21.549
2013,4,14.632
2013,5,8.8181
2013,6,8.139
2013,7,6.9897
2013,8,7.6936
2013,9,9.831
2013,10,13.472
2013,11,18.393
2013,12,19.777
2014,1,21.067
2014,2,20.507
2014,3,17.106
2014,4,12.088
2014,5,13.015
2014,6,10.908
2014,7,8.5956
2014,8,9.3028
2014,9,8.8285
2014,10,14.994
2014,11,17.765
2014,12,21.977
2015,1,21.405
2015,2,19.365
2015,3,20.822
2015,4,13.961
2015,5,7.3848
2015,6,6.2489
2015,7,7.3355
2015,8,8.8401
2015,9,10.472
2015,10,13.814
2015,11,16.896
2015,12,21.831
2016,1,22.108
2016,2,18.32
2016,3,17.544
2016,4,16.773
2016,5,10.485
2016,6,4.9522
2016,7,7.279
2016,8,9.5382
2016,9,10.733
2016,10,14.009
2016,11,16.117
2016,12,18.247
2017,1,21.574
2017,2,21.322
2017,3,15.648
2017,4,14.295
2017,5,11.97
2017,6,4.9755
2017,7,8.5108
2017,8,9.2293
2017,9,9.8872
2017,10,12.46
2017,11,17.989
2017,12,20.701
2018,1,20.853
2018,2,20.78
2018,3,19.754
2018,4,13.968
2018,5,7.3113
2018,6,8.6465
2018,7,7.5471
2018,8,9.3081
2018,9,10.047
2018,10,13.066
2018,11,18.979
2018,12,20.171
2019,1,21.927
2019,2,20.635
2019,3,17.167
2019,4,13.722
2019,5,12.345
2019,6,7.857
2019,7,6.998
2019,8,8.2606
2019,9,12.64
2019,10,13.206
2019,11,18.827
2019,12,18.946
2020,1,21.558
2020,2,21.87
2020,3,18.711
2020,4,12.58
2020,5,12.155
2020,6,7.4556
2020,7,7.2375
2020,8,7.6938
2020,9,9.5526
2020,10,13.238
2020,11,18.106
2020,12,20.779
2021,1,20.556
2021,2,20.399
2021,3,19.306
2021,4,14.95
2021,5,13.6
2021,6,8.3644
2021,7,7.4237
2021,8,9.4695
2021,9,11.855
2021,10,13.376
2021,11,17.266
2021,12,21.386
2022,1,22.686
2022,2,21.552
2022,3,16.73
2022,4,12.19
2022,5,11.874
2022,6,8.0083
2022,7,7.206
2022,8,10.234
2022,9,10.91
2022,10,14.104
2022,11,18.091
2022,12,21.153
2023,1,22.016
2023,2,21.077
2023,3,21.229
2023,4,16.203
2023,5,12.158
2023,6,7.3237
2023,7,8.851
2023,8,14.496
2023,9,11.738
2023,10,11.919
2023,11,15.769
2023,12,19.004
2024,1,21.991
2024,2,20.469
2024,3,17.229
2024,4,14.789
2024,5,12.765
2024,6,13.278
2024,7,8.9785
2024,8,10.574
2024,9,12.416
2024,10,14.926
2024,11,16.978
2024,12,18.571
2025,1,21.614
2025,2,19.244
2025,3,17.618
2025,4,13.827
2025,5,10.267
2025,6,10.471
2025,7,6.472
2025,8,7.6484
2025,9,9.3151
2025,10,14.097
2025,11,18.695
2025,12,19.774
2026,1,23.481
2026,2,21.167
2026,3,19.71
2026,4,14.498
2026,5,7.0984
2026,6,9.0383
2026,7,10.475
2026,8,8.0587
2026,9,11.424
2026,10,14.42
2026,11,17.045
2026,12,18.409
2027,1,21.307
2027,2,20.382
2027,3,16.774
2027,4,16.742
2027,5,10.291
2027,6,7.768
2027,7,7.2805
2027,8,9.7966
2027,9,10.332
2027,10,14.382
2027,11,17.378
2027,12,18.381
2028,1,20.949
2028,2,23.042
2028,3,16.718
2028,4,13.978
2028,5,12.178
2028,6,9.8051
2028,7,8.3509
2028,8,8.5701
2028,9,10.61
2028,10,14.895
2028,11,17.037
2028,12,19.238
2029,1,21.962
2029,2,21.173
2029,3,19.071
2029,4,16.124
2029,5,12.301
2029,6,10.873
2029,7,9.9478
2029,8,10.212
2029,9,10.401
2029,10,13.835
2029,11,18.036
2029,12,18.776
2030,1,22.194
2030,2,21.223
2030,3,18.093
2030,4,16.229
2030,5,11.661
2030,6,8.2856
2030,7,7.5931
2030,8,10.611
2030,9,13.571
2030,10,13.709
2030,11,16.226
2030,12,21.231
2031,1,22.139
2031,2,18.3
2031,3,18.705
2031,4,14.769
2031,5,12.832
2031,6,7.6761
2031,7,5.6781
2031,8,7.4877
2031,9,12.165
2031,10,14.285
2031,11,17.39
2031,12,19.377
2032,1,21.427
2032,2,20.62
2032,3,18.115
2032,4,16.606
2032,5,13.822
2032,6,9.165
2032,7,7.3337
2032,8,11.511
2032,9,12.657
2032,10,13.764
2032,11,16.747
2032,12,18.2
2033,1,21.469
2033,2,18.049
2033,3,16.952
2033,4,12.236
2033,5,13.324
2033,6,10.347
2033,7,8.6213
2033,8,7.5106
2033,9,10.92
2033,10,13.952
2033,11,18.387
2033,12,19.764
2034,1,21.683
2034,2,22.276
2034,3,19.739
2034,4,12.29
2034,5,12.056
2034,6,9.023
2034,7,7.1048
2034,8,10.838
2034,9,10.898
2034,10,14.029
2034,11,18.132
2034,12,19.028
2035,1,22.906
2035,2,21.032
2035,3,17.88
2035,4,12.92
2035,5,10.599
2035,6,8.5901
2035,7,9.7173
2035,8,10.395
2035,9,10.694
2035,10,14.086
2035,11,15.612
2035,12,18.256
2036,1,21.848
2036,2,21.424
2036,3,16.978
2036,4,14.072
2036,5,6.8078
2036,6,11.01
2036,7,10.204
2036,8,9.4571
2036,9,12.642
2036,10,15.056
2036,11,14.928
2036,12,21.47
2037,1,21.505
2037,2,21.98
2037,3,19.283
2037,4,14.262
2037,5,10.305
2037,6,9.4713
2037,7,7.1578
2037,8,10.625
2037,9,9.4808
2037,10,13.696
2037,11,15.744
2037,12,19.231
2038,1,23.187
2038,2,18.074
2038,3,16.108
2038,4,12.038
2038,5,11.552
2038,6,10.238
2038,7,9.3289
2038,8,9.2633
2038,9,12.185
2038,10,13.726
2038,11,15.256
2038,12,20.916
2039,1,20.778
2039,2,21.297
2039,3,19.633
2039,4,12.162
2039,5,10.971
2039,6,8.3811
2039,7,8.3674
2039,8,10.126
2039,9,11.191
2039,10,14.106
2039,11,16.067
2039,12,20.887
2040,1,21.746
2040,2,20.505
2040,3,17.864
2040,4,13.518
2040,5,12.412
2040,6,7.4486
2040,7,5.8855
2040,8,9.632
2040,9,12.901
2040,10,15.953
2040,11,15.852
2040,12,19.327
2041,1,20.928
2041,2,21.751
2041,3,19.108
2041,4,12.824
2041,5,11.729
2041,6,13.516
2041,7,8.6564
2041,8,10.839
2041,9,12.351
2041,10,11.077
2041,11,16.725
2041,12,17.644
2042,1,21.847
2042,2,22.456
2042,3,18.298
2042,4,14.021
2042,5,9.0381
2042,6,8.8927
2042,7,7.9936
2042,8,6.681
2042,9,10.673
2042,10,14.104
2042,11,16.417
2042,12,21.949
2043,1,21.965
2043,2,22.592
2043,3,19.143
2043,4,14.311
2043,5,11.99
2043,6,6.8368
2043,7,11.602
2043,8,7.8644
2043,9,12.361
2043,10,12.755
2043,11,17.658
2043,12,20.544
2044,1,22.234
2044,2,20.641
2044,3,20.542
2044,4,12.301
2044,5,13.591
2044,6,8.8897
2044,7,6.4507
2044,8,9.5951
2044,9,11.231
2044,10,11.666
2044,11,18.725
2044,12,19.112
2045,1,21.904
2045,2,20.647
2045,3,19.512
2045,4,15.973
2045,5,11.843
2045,6,10.21
2045,7,7.1171
2045,8,9.8765
2045,9,11.047
2045,10,11.891
2045,11,17.625
2045,12,21.583
2046,1,21.812
2046,2,19.755
2046,3,18.127
2046,4,14.854
2046,5,11.247
2046,6,8.2284
2046,7,8.2649
2046,8,9.9128
2046,9,12.794
2046,10,13.985
2046,11,17.855
2046,12,22.285
2047,1,21.588
2047,2,21.345
2047,3,17.646
2047,4,12.784
2047,5,10.911
2047,6,8.3757
2047,7,8.4164
2047,8,7.2355
2047,9,9.7405
2047,10,14.727
2047,11,14.731
2047,12,18.621
2048,1,21.615
2048,2,25.441
2048,3,18.412
2048,4,13.919
2048,5,11.355
2048,6,6.2361
2048,7,9.3894
2048,8,9.5355
2048,9,12.315
2048,10,14.767
2048,11,14.149
2048,12,17.932
2049,1,22.176
2049,2,22.165
2049,3,19.235
2049,4,12.328
2049,5,11.484
2049,6,8.1081
2049,7,8.614
2049,8,9.5821
2049,9,11.427
2049,10,12.982
2049,11,18.444
2049,12,20.619
2050,1,23.043
2050,2,18.226
2050,3,19.728
2050,4,15.43
2050,5,10.257
2050,6,9.0527
2050,7,6.6791
2050,8,8.3745
2050,9,11.796
2050,10,15.512
2050,11,15.13
2050,12,20.07
2051,1,22.255
2051,2,21.57
2051,3,20.201
2051,4,14.92
2051,5,12.279
2051,6,8.9361
2051,7,6.8549
2051,8,9.3884
2051,9,12.302
2051,10,15.27
2051,11,16.001
2051,12,18.485
2052,1,21.072
2052,2,22.917
2052,3,19.497
2052,4,17.398
2052,5,10.406
2052,6,8.6365
2052,7,7.7623
2052,8,9.3039
2052,9,12.83
2052,10,13.695
2052,11,15.891
2052,12,17.896
2053,1,21.822
2053,2,21.305
2053,3,19.488
2053,4,16.288
2053,5,12.437
2053,6,8.2118
2053,7,6.9976
2053,8,9.8548
2053,9,13.094
2053,10,12.999
2053,11,15.424
2053,12,22.488
2054,1,23.501
2054,2,23.517
2054,3,17.646
2054,4,12.59
2054,5,7.8555
2054,6,6.5622
2054,7,6.6015
2054,8,10.864
2054,9,10.729
2054,10,11.955
2054,11,18.539
2054,12,23.127
2055,1,22.399
2055,2,23.185
2055,3,17.979
2055,4,14.69
2055,5,11.959
2055,6,9.7472
2055,7,8.2423
2055,8,10.022
2055,9,10.799
2055,10,13.998
2055,11,17.312
2055,12,19.084
2056,1,21.073
2056,2,18.738
2056,3,17.555
2056,4,14.455
2056,5,10.488
2056,6,10.229
2056,7,9.5662
2056,8,7.7561
2056,9,12.077
2056,10,13.92
2056,11,16.727
2056,12,22.045
2057,1,22.305
2057,2,21.257
2057,3,16.617
2057,4,13.619
2057,5,6.9403
2057,6,6.9447
2057,7,9.7569
2057,8,9.5727
2057,9,15.698
2057,10,15.589
2057,11,20.315
2057,12,21.315
2058,1,22.822
2058,2,21.134
2058,3,17.922
2058,4,12.212
2058,5,9.2412
2058,6,5.9676
2058,7,7.0705
2058,8,15.551
2058,9,13.664
2058,10,15.035
2058,11,16.034
2058,12,21.794
2059,1,21.838
2059,2,21.333
2059,3,21.721
2059,4,16.274
2059,5,10.923
2059,6,10.136
2059,7,9.8194
2059,8,7.727
2059,9,10.955
2059,10,13.61
2059,11,18.289
2059,12,23.64
2060,1,22.938
2060,2,20.803
2060,3,20.782
2060,4,16.674
2060,5,11.8
2060,6,8.7411
2060,7,8.7807
2060,8,7.5535
2060,9,9.9846
2060,10,14.661
2060,11,17.499
2060,12,21.217
2061,1,23.144
2061,2,23.032
2061,3,20.228
2061,4,17.702
2061,5,12.945
2061,6,7.2586
2061,7,9.4712
2061,8,8.7972
2061,9,11.844
2061,10,15.781
2061,11,16.018
2061,12,21.979
2062,1,21.755
2062,2,22.312
2062,3,20.491
2062,4,16.365
2062,5,8.8657
2062,6,10.178
2062,7,11.594
2062,8,11.111
2062,9,12.646
2062,10,11.224
2062,11,18.363
2062,12,19.81
2063,1,24.409
2063,2,19.759
2063,3,20.268
2063,4,16.599
2063,5,10.97
2063,6,9.9772
2063,7,10.821
2063,8,7.5631
2063,9,11.935
2063,10,15.278
2063,11,18.448
2063,12,20.568
2064,1,22.316
2064,2,22.783
2064,3,19.212
2064,4,17.562
2064,5,11.769
2064,6,6.951
2064,7,9.5627
2064,8,10.331
2064,9,11.258
2064,10,11.66
2064,11,18.808
2064,12,22.106
2065,1,22.673
2065,2,24.206
2065,3,19.466
2065,4,12.684
2065,5,13.492
2065,6,7.6402
2065,7,6.7132
2065,8,9.7726
2065,9,13.357
2065,10,13.757
2065,11,19.139
2065,12,21.693
2066,1,21.552
2066,2,22.013
2066,3,17.372
2066,4,17.616
2066,5,11.773
2066,6,5.8593
2066,7,10.968
2066,8,9.0503
2066,9,10.298
2066,10,14.387
2066,11,18.383
2066,12,21.106
2067,1,22.202
2067,2,23.209
2067,3,17.579
2067,4,14.326
2067,5,13.059
2067,6,8.653
2067,7,10.81
2067,8,8.3254
2067,9,12.928
2067,10,14.587
2067,11,18.178
2067,12,18.464
2068,1,21.103
2068,2,20.629
2068,3,18.745
2068,4,12.317
2068,5,11.532
2068,6,10.865
2068,7,7.285
2068,8,9.9111
2068,9,13.413
2068,10,14.111
2068,11,19.446
2068,12,20.628
2069,1,22.377
2069,2,22.672
2069,3,19.591
2069,4,14.689
2069,5,13.06
2069,6,8.8837
2069,7,11.337
2069,8,7.853
2069,9,9.3108
2069,10,14.915
2069,11,18.664
2069,12,23.443
2070,1,23.145
2070,2,23.038
2070,3,17.499
2070,4,14.502
2070,5,7.787
2070,6,11.947
2070,7,8.8581
2070,8,14.52
2070,9,11.178
2070,10,11.417
2070,11,18.119
2070,12,17.812
2071,1,22.319
2071,2,24.951
2071,3,18.814
2071,4,14.957
2071,5,11.521
2071,6,9.5339
2071,7,7.4185
2071,8,7.8121
2071,9,12.947
2071,10,14.633
2071,11,17.428
2071,12,23.775
2072,1,22.795
2072,2,19.941
2072,3,19.156
2072,4,17.708
2072,5,12.982
2072,6,10.734
2072,7,6.8522
2072,8,10.563
2072,9,12.37
2072,10,14.663
2072,11,19.269
2072,12,20.462
2073,1,23.214
2073,2,23.147
2073,3,19.819
2073,4,14.845
2073,5,11.628
2073,6,9.0177
2073,7,6.8053
2073,8,11.684
2073,9,11.904
2073,10,15.554
2073,11,18.244
2073,12,19.904
2074,1,25.256
2074,2,22.356
2074,3,19.249
2074,4,16.155
2074,5,12.588
2074,6,5.6001
2074,7,7.3894
2074,8,9.2105
2074,9,11.226
2074,10,15.489
2074,11,17.206
2074,12,21.216
2075,1,24.155
2075,2,21.987
2075,3,20.974
2075,4,14.046
2075,5,12.245
2075,6,10.002
2075,7,11.121
2075,8,8.6973
2075,9,11.981
2075,10,14.645
2075,11,18.853
2075,12,21.371
2076,1,22.621
2076,2,21.571
2076,3,18.694
2076,4,18.058
2076,5,10.861
2076,6,10.05
2076,7,9.3215
2076,8,10.467
2076,9,10.322
2076,10,14.862
2076,11,17.768
2076,12,20.906
2077,1,21.877
2077,2,23.603
2077,3,17.1
2077,4,16.142
2077,5,11.933
2077,6,8.1737
2077,7,11.039
2077,8,9.7208
2077,9,12.044
2077,10,14.164
2077,11,19.094
2077,12,22.311
2078,1,23.709
2078,2,22.973
2078,3,20.56
2078,4,17.473
2078,5,13.265
2078,6,9.3031
2078,7,11.139
2078,8,9.8905
2078,9,11.037
2078,10,13.618
2078,11,15.862
2078,12,17.852
2079,1,20.272
2079,2,19.011
2079,3,18.346
2079,4,14.12
2079,5,11.746
2079,6,11.893
2079,7,9.5925
2079,8,9.3063
2079,9,12.869
2079,10,16.877
2079,11,18.033
2079,12,21.174
2080,1,25.066
2080,2,21.898
2080,3,18.947
2080,4,13.809
2080,5,13.041
2080,6,10.661
2080,7,11.444
2080,8,10.276
2080,9,11.327
2080,10,14.667
2080,11,17.915
2080,12,21.276
2081,1,22.867
2081,2,24.064
2081,3,20.689
2081,4,14.478
2081,5,11.193
2081,6,12.109
2081,7,7.8953
2081,8,10.05
2081,9,11.043
2081,10,14.132
2081,11,16.51
2081,12,21.926
2082,1,21.189
2082,2,20.414
2082,3,17.613
2082,4,15.413
2082,5,12.077
2082,6,9.339
2082,7,8.1665
2082,8,8.8291
2082,9,11.732
2082,10,14.661
2082,11,19.863
2082,12,21.265
2083,1,21.727
2083,2,22.292
2083,3,19.805
2083,4,17.058
2083,5,13.335
2083,6,10.243
2083,7,10.576
2083,8,10.767
2083,9,12.37
2083,10,15.161
2083,11,17.798
2083,12,21.047
2084,1,21.316
2084,2,20.465
2084,3,18.639
2084,4,17.558
2084,5,12.137
2084,6,8.7749
2084,7,7.0898
2084,8,10.971
2084,9,13.015
2084,10,14.809
2084,11,18.561
2084,12,21.424
2085,1,21.555
2085,2,20.112
2085,3,19.974
2085,4,14.113
2085,5,11.344
2085,6,7.6943
2085,7,10.186
2085,8,9.6469
2085,9,12.287
2085,10,13.791
2085,11,18.27
2085,12,21.588
2086,1,22.426
2086,2,22.172
2086,3,18.684
2086,4,15.805
2086,5,10.047
2086,6,13.629
2086,7,8.838
2086,8,13.803
2086,9,12.457
2086,10,13.396
2086,11,16.895
2086,12,19.039
2087,1,22.046
2087,2,19.945
2087,3,17.287
2087,4,17.108
2087,5,12.565
2087,6,13.678
2087,7,10.288
2087,8,7.7592
2087,9,10.908
2087,10,13.634
2087,11,17.408
2087,12,22.604
2088,1,21.345
2088,2,22.986
2088,3,17.863
2088,4,13.742
2088,5,7.225
2088,6,9.9867
2088,7,11.435
2088,8,13.633
2088,9,14.522
2088,10,14.357
2088,11,17.587
2088,12,20.753
2089,1,22.426
2089,2,24.032
2089,3,19.956
2089,4,13.482
2089,5,12.748
2089,6,9.1516
2089,7,8.1289
2089,8,10.034
2089,9,12.511
2089,10,12.351
2089,11,18.318
2089,12,22.721
2090,1,25.291
2090,2,21.621
2090,3,21.296
2090,4,16.42
2090,5,11.965
2090,6,7.0485
2090,7,9.6141
2090,8,10.587
2090,9,13.292
2090,10,11.859
2090,11,15.939
2090,12,19.476
2091,1,21.997
2091,2,21.704
2091,3,19.4
2091,4,16.561
2091,5,12.899
2091,6,9.784
2091,7,4.4899
2091,8,9.8205
2091,9,11.981
2091,10,14.654
2091,11,17.5
2091,12,24.267
2092,1,22.632
2092,2,22.117
2092,3,20.308
2092,4,18.315
2092,5,13.107
2092,6,8.5276
2092,7,9.1519
2092,8,8.3216
2092,9,12.637
2092,10,14.738
2092,11,18.093
2092,12,23.103
2093,1,23.485
2093,2,21.735
2093,3,17.228
2093,4,13.874
2093,5,13.202
2093,6,10.371
2093,7,10.695
2093,8,9.9513
2093,9,11.907
2093,10,15.426
2093,11,20.489
2093,12,21.485
2094,1,23.314
2094,2,22.604
2094,3,20.111
2094,4,16.067
2094,5,9.0745
2094,6,9.5382
2094,7,8.7123
2094,8,9.0031
2094,9,12.515
2094,10,14.846
2094,11,19.912
2094,12,20.575
2095,1,21.326
2095,2,21.326
2095,3,21.049
2095,4,16.166
2095,5,12.951
2095,6,9.4548
2095,7,10.239
2095,8,10.769
2095,9,12.064
2095,10,14.358
2095,11,17.428
2095,12,20.577
2096,1,21.721
2096,2,20.802
2096,3,22.229
2096,4,13.643
2096,5,14.354
2096,6,8.5125
2096,7,7.0226
2096,8,9.4508
2096,9,12.812
2096,10,17.747
2096,11,20.489
2096,12,23.435
2097,1,23.051
2097,2,21.17
2097,3,18.726
2097,4,18.025
2097,5,11.922
2097,6,9.104
2097,7,10.634
2097,8,10.363
2097,9,8.9307
2097,10,15.302
2097,11,18.225
2097,12,22.904
2098,1,23.216
2098,2,21.708
2098,3,18.52
2098,4,12.446
2098,5,11.666
2098,6,8.7786
2098,7,9.6413
2098,8,11.087
2098,9,11.752
2098,10,13.972
2098,11,15.937
2098,12,20.39
2099,1,21.874
2099,2,20.796
2099,3,19.736
2099,4,15
2099,5,14.223
2099,6,8.8422
2099,7,9.1321
2099,8,10.46
2099,9,12.381
2099,10,14.649
2099,11,20.027
2099,12,22.581
2100,1,21.589
2100,2,21.755
2100,3,21.394
2100,4,16.329
2100,5,11.988
2100,6,8.2646
2100,7,10.075
2100,8,10.332
2100,9,11.768
2100,10,13.591
2100,11,17.058
2100,12,20.595
2101,1,23.544
2101,2,22.195
2101,3,18.488
2101,4,12.318
2101,5,9.7892
2101,6,8.5449
2101,7,10.261
2101,8,9.7276
2101,9,13.527
2101,10,14.025
2101,11,18.505
2101,12,18.95
2102,1,21.707
2102,2,20.624
2102,3,20.506
2102,4,15.31
2102,5,12.959
2102,6,9.0326
2102,7,6.4003
2102,8,9.9253
2102,9,13.154
2102,10,15.449
2102,11,17.25
2102,12,20.62
2103,1,22.356
2103,2,21.766
2103,3,22.187
2103,4,15.976
2103,5,12.905
2103,6,10.602
2103,7,11.005
2103,8,9.1695
2103,9,12.823
2103,10,13.379
2103,11,18.201
2103,12,20.374
2104,1,20.403
2104,2,20.938
2104,3,18.075
2104,4,17.102
2104,5,12.093
2104,6,10.016
2104,7,9.9536
2104,8,9.9049
2104,9,10.305
2104,10,15.134
2104,11,19.447
2104,12,23.348
2105,1,23.185
2105,2,22.485
2105,3,18.072
2105,4,14.845
2105,5,11.274
2105,6,9.322
2105,7,7.2257
2105,8,10.084
2105,9,12.038
2105,10,13.284
2105,11,18.002
2105,12,19.212
2106,1,22.438
2106,2,24.675
2106,3,21.845
2106,4,17.778
2106,5,12.141
2106,6,8.3115
2106,7,11.048
2106,8,9.1022
2106,9,9.9051
2106,10,14.044
2106,11,19.456
2106,12,21.338
2107,1,22.289
2107,2,22.004
2107,3,22.166
2107,4,16.352
2107,5,12.62
2107,6,8.4371
2107,7,9.4178
2107,8,10.385
2107,9,9.3233
2107,10,13.961
2107,11,18.261
2107,12,21.444
2108,1,22.823
2108,2,22.323
2108,3,18.94
2108,4,13.146
2108,5,8.4625
2108,6,9.4416
2108,7,10.484
2108,8,10.54
2108,9,15.348
2108,10,12.74
2108,11,20.244
2108,12,21.643
2109,1,21.811
2109,2,20.923
2109,3,18.879
2109,4,17.079
2109,5,12.055
2109,6,10.638
2109,7,9.9139
2109,8,9.6778
2109,9,13.791
2109,10,15.194
2109,11,16.61
2109,12,20.288
2110,1,21.593
2110,2,22.557
2110,3,20.065
2110,4,17.949
2110,5,11.548
2110,6,10.603
2110,7,8.6696
2110,8,9.1905
2110,9,12.894
2110,10,14.628
2110,11,17.769
2110,12,21.526
2111,1,22.164
2111,2,25.049
2111,3,17.853
2111,4,15.2
2111,5,11.985
2111,6,11.071
2111,7,7.8898
2111,8,10.572
2111,9,10.91
2111,10,13.728
2111,11,17.99
2111,12,21.77
2112,1,23.895
2112,2,22.35
2112,3,17.117
2112,4,13.777
2112,5,12.022
2112,6,9.5796
2112,7,11.713
2112,8,9.341
2112,9,12.598
2112,10,13.826
2112,11,15.419
2112,12,21.776
2113,1,21.993
2113,2,23.058
2113,3,21.308
2113,4,16.028
2113,5,11.91
2113,6,13.1
2113,7,11.124
2113,8,10.416
2113,9,9.9712
2113,10,15.691
2113,11,18.766
2113,12,18.683
2114,1,23.289
2114,2,22.304
2114,3,20.281
2114,4,17.364
2114,5,12.778
2114,6,12.581
2114,7,9.1038
2114,8,10.53
2114,9,10.531
2114,10,13.152
2114,11,14.072
2114,12,20.507
2115,1,22.994
2115,2,21.588
2115,3,18.527
2115,4,13.777
2115,5,12.001
2115,6,10.037
2115,7,10.05
2115,8,8.8054
2115,9,9.9745
2115,10,17.064
2115,11,20.53
2115,12,23.45
2116,1,25.015
2116,2,22.99
2116,3,19.797
2116,4,15.988
2116,5,11.692
2116,6,12.443
2116,7,10.285
2116,8,10.908
2116,9,9.9656
2116,10,13.381
2116,11,17.258
2116,12,19.768
2117,1,23.162
2117,2,24.263
2117,3,22.271
2117,4,14.417
2117,5,12.109
2117,6,8.8639
2117,7,9.3942
2117,8,10.184
2117,9,11.371
2117,10,15.169
2117,11,17.609
2117,12,19.167
2118,1,21.815
2118,2,22.132
2118,3,21.562
2118,4,17.765
2118,5,14.56
2118,6,9.6037
2118,7,9.6376
2118,8,13.545
2118,9,11.568
2118,10,12.325
2118,11,17.214
2118,12,17.616
2119,1,21.763
2119,2,22.096
2119,3,19.985
2119,4,13.537
2119,5,11.899
2119,6,7.6323
2119,7,11.798
2119,8,9.3394
2119,9,15.13
2119,10,15.204
2119,11,18.608
2119,12,23.031
2120,1,21.775
2120,2,21.524
2120,3,18.555
2120,4,13.014
2120,5,14.012
2120,6,13.22
2120,7,10.719
2120,8,14.011
2120,9,10.055
2120,10,13.093
2120,11,17.3
2120,12,19.296
2121,1,22.654
2121,2,23.428
2121,3,17.49
2121,4,14.129
2121,5,10.711
2121,6,7.1421
2121,7,8.4221
2121,8,9.4652
2121,9,12.963
2121,10,13.926
2121,11,18.405
2121,12,20.792
2122,1,20.264
2122,2,23.73
2122,3,20.593
2122,4,17.069
2122,5,10.938
2122,6,8.9691
2122,7,11.205
2122,8,7.5553
2122,9,11.968
2122,10,13.62
2122,11,19.858
2122,12,23.077
2123,1,20.634
2123,2,20.892
2123,3,18.063
2123,4,16.112
2123,5,12.774
2123,6,7.6794
2123,7,8.6402
2123,8,9.3213
2123,9,12.836
2123,10,16.857
2123,11,19.936
2123,12,22.687
2124,1,25.333
2124,2,22.852
2124,3,19.437
2124,4,17.333
2124,5,12.203
2124,6,6.8887
2124,7,8.9928
2124,8,9.8242
2124,9,13.131
2124,10,14.804
2124,11,18.111
2124,12,21.203
2125,1,24.074
2125,2,20.099
2125,3,20.331
2125,4,16.446
2125,5,11.475
2125,6,11.547
2125,7,10.934
2125,8,13.982
2125,9,14.933
2125,10,14.172
2125,11,18.493
2125,12,21.47
2126,1,22.066
2126,2,23.927
2126,3,20.567
2126,4,12.886
2126,5,10.977
2126,6,11.526
2126,7,9.2788
2126,8,9.7481
2126,9,12.714
2126,10,14.829
2126,11,16.269
2126,12,18.155
2127,1,23.237
2127,2,22.117
2127,3,20.71
2127,4,14.829
2127,5,13.571
2127,6,10.462
2127,7,7.878
2127,8,9.4171
2127,9,11.897
2127,10,13.812
2127,11,17.627
2127,12,19.67
2128,1,22.151
2128,2,23.14
2128,3,20.907
2128,4,16.093
2128,5,12.59
2128,6,10.05
2128,7,11.257
2128,8,9.1853
2128,9,15.056
2128,10,13.496
2128,11,18.848
2128,12,22.532
2129,1,21.944
2129,2,22.391
2129,3,20.245
2129,4,16.837
2129,5,15.08
2129,6,8.3226
2129,7,9.914
2129,8,9.1947
2129,9,13.092
2129,10,14.428
2129,11,17.063
2129,12,22.462
2130,1,22.607
2130,2,23.509
2130,3,18.767
2130,4,17.731
2130,5,11.793
2130,6,11.502
2130,7,9.3868
2130,8,11.574
2130,9,13.463
2130,10,14.822
2130,11,18.899
2130,12,21.122
2131,1,22.077
2131,2,23.86
2131,3,21.406
2131,4,14.281
2131,5,13.144
2131,6,10.163
2131,7,10.199
2131,8,9.3814
2131,9,11.273
2131,10,14.847
2131,11,14.467
2131,12,20.077
2132,1,24.271
2132,2,24.174
2132,3,21.059
2132,4,14.342
2132,5,12.15
2132,6,6.2457
2132,7,8.0869
2132,8,13.046
2132,9,12.475
2132,10,13.858
2132,11,18.401
2132,12,20.576
2133,1,22.648
2133,2,21.747
2133,3,20.138
2133,4,16.517
2133,5,8.5479
2133,6,6.5584
2133,7,10.467
2133,8,9.5483
2133,9,12.302
2133,10,16.131
2133,11,20.499
2133,12,22.071
2134,1,22.367
2134,2,22.445
2134,3,20.9
2134,4,16.08
2134,5,12.664
2134,6,11.266
2134,7,8.4891
2134,8,11.375
2134,9,10.178
2134,10,13.409
2134,11,19.726
2134,12,20.83
2135,1,24.346
2135,2,24.637
2135,3,18.772
2135,4,15.761
2135,5,14.992
2135,6,10.85
2135,7,7.6734
2135,8,11.225
2135,9,12.948
2135,10,12.944
2135,11,19.393
2135,12,20.894
2136,1,25.311
2136,2,20.232
2136,3,20.469
2136,4,14.012
2136,5,12.178
2136,6,9.9385
2136,7,11.202
2136,8,9.4579
2136,9,13.325
2136,10,14.693
2136,11,17.345
2136,12,18.426
2137,1,22.756
2137,2,20.591
2137,3,19.341
2137,4,14.652
2137,5,10.892
2137,6,7.8562
2137,7,7.2935
2137,8,9.9989
2137,9,15.513
2137,10,15.43
2137,11,18.314
2137,12,22.103
2138,1,23.287
2138,2,21.74
2138,3,19.286
2138,4,16.38
2138,5,12.977
2138,6,8.4411
2138,7,8.9585
2138,8,9.1791
2138,9,12.778
2138,10,14.63
2138,11,14.953
2138,12,21.669
2139,1,23.436
2139,2,20.607
2139,3,18.768
2139,4,16.881
2139,5,11.991
2139,6,13.544
2139,7,9.9848
2139,8,9.6718
2139,9,12.819
2139,10,14.449
2139,11,18.706
2139,12,23.064
2140,1,22.404
2140,2,22.587
2140,3,20.088
2140,4,17.592
2140,5,15.16
2140,6,9.237
2140,7,8.8606
2140,8,9.6572
2140,9,12.572
2140,10,15.058
2140,11,18.295
2140,12,23.443
2141,1,23.021
2141,2,25.198
2141,3,20.516
2141,4,16.168
2141,5,11.734
2141,6,10.579
2141,7,8.1294
2141,8,10.538
2141,9,10.136
2141,10,15.144
2141,11,16.446
2141,12,18.894
2142,1,21.599
2142,2,21.952
2142,3,20.103
2142,4,17.524
2142,5,12.687
2142,6,11.762
2142,7,9.2683
2142,8,9.6074
2142,9,13.338
2142,10,14.638
2142,11,17.678
2142,12,23.613
2143,1,21.2
2143,2,22.144
2143,3,19.12
2143,4,15.789
2143,5,13.54
2143,6,11.688
2143,7,7.7632
2143,8,12.475
2143,9,11.758
2143,10,14.915
2143,11,19.149
2143,12,20.9
2144,1,21.738
2144,2,22.089
2144,3,19.314
2144,4,14.742
2144,5,12.327
2144,6,8.2691
2144,7,10.863
2144,8,9.5294
2144,9,12.428
2144,10,15.575
2144,11,14.907
2144,12,19.362
2145,1,22.973
2145,2,22.681
2145,3,21.483
2145,4,17.992
2145,5,13.395
2145,6,9.9844
2145,7,8.9163
2145,8,11.685
2145,9,11.261
2145,10,13.644
2145,11,19.676
2145,12,20.684
2146,1,22.952
2146,2,22.19
2146,3,21.362
2146,4,15.994
2146,5,12.159
2146,6,11.276
2146,7,8.1036
2146,8,10.159
2146,9,11.746
2146,10,13.559
2146,11,17.907
2146,12,21.891
2147,1,22.339
2147,2,23.878
2147,3,19.17
2147,4,14.868
2147,5,12.92
2147,6,8.1503
2147,7,8.1307
2147,8,8.8919
2147,9,12.126
2147,10,15.342
2147,11,19.995
2147,12,21.669
2148,1,25.1
2148,2,21.365
2148,3,18.816
2148,4,14.679
2148,5,13.026
2148,6,8.7826
2148,7,11.012
2148,8,10.994
2148,9,10.38
2148,10,14.706
2148,11,20.15
2148,12,21.651
2149,1,21.745
2149,2,24.793
2149,3,18.162
2149,4,11.743
2149,5,13.002
2149,6,12.825
2149,7,10.896
2149,8,10.975
2149,9,12.691
2149,10,14.803
2149,11,19.527
2149,12,21.489
2150,1,22.064
2150,2,24.052
2150,3,16.829
2150,4,14.196
2150,5,12.944
2150,6,9.5738
2150,7,9.2218
2150,8,10.85
2150,9,10.182
2150,10,15.467
2150,11,18.039
2150,12,20.214
2151,1,22.156
2151,2,20.947
2151,3,18.866
2151,4,13.812
2151,5,12.682
2151,6,13.311
2151,7,11.348
2151,8,10.174
2151,9,12.878
2151,10,16.48
2151,11,17.884
2151,12,21.849
2152,1,20.929
2152,2,24.431
2152,3,16.11
2152,4,14.172
2152,5,14.725
2152,6,13.442
2152,7,11.342
2152,8,12.628
2152,9,12.465
2152,10,16.706
2152,11,18.97
2152,12,23.791
2153,1,22.053
2153,2,20.918
2153,3,20.626
2153,4,17.834
2153,5,12.47
2153,6,13.067
2153,7,10.002
2153,8,12.371
2153,9,12.202
2153,10,14.907
2153,11,17.511
2153,12,21.074
2154,1,23.448
2154,2,21.038
2154,3,18.955
2154,4,13.907
2154,5,12.838
2154,6,12.87
2154,7,4.6262
2154,8,12.326
2154,9,11.774
2154,10,14.669
2154,11,18.403
2154,12,23.287
2155,1,23.833
2155,2,22.689
2155,3,18.591
2155,4,16.218
2155,5,12.998
2155,6,8.4747
2155,7,9.4309
2155,8,11.074
2155,9,12.88
2155,10,14.665
2155,11,19.896
2155,12,21.332
2156,1,22.084
2156,2,21.061
2156,3,21.928
2156,4,13.91
2156,5,13.162
2156,6,8.3262
2156,7,8.6259
2156,8,7.613
2156,9,13.262
2156,10,17.778
2156,11,19.946
2156,12,19.651
2157,1,24.598
2157,2,20.728
2157,3,20.142
2157,4,16.131
2157,5,14.87
2157,6,11.247
2157,7,7.9224
2157,8,9.1589
2157,9,13.874
2157,10,13.696
2157,11,17.086
2157,12,21.357
2158,1,22.371
2158,2,22.002
2158,3,20.637
2158,4,15.241
2158,5,13.093
2158,6,13.159
2158,7,8.4157
2158,8,9.9698
2158,9,12.03
2158,10,14.025
2158,11,17.97
2158,12,20.777
2159,1,22.984
2159,2,24.214
2159,3,21.598
2159,4,16.185
2159,5,11.78
2159,6,9.8208
2159,7,10.803
2159,8,11.374
2159,9,12.013
2159,10,17.113
2159,11,16.842
2159,12,23.299
2160,1,24.332
2160,2,24.129
2160,3,20.101
2160,4,13.545
2160,5,10.454
2160,6,9.6837
2160,7,11.168
2160,8,10.391
2160,9,10.438
2160,10,15.342
2160,11,17.01
2160,12,21.581
2161,1,23.832
2161,2,21.125
2161,3,20.717
2161,4,15.499
2161,5,13.028
2161,6,9.1968
2161,7,8.8439
2161,8,10.148
2161,9,15.07
2161,10,15.104
2161,11,19.085
2161,12,23.449
2162,1,23.181
2162,2,22.889
2162,3,18.913
2162,4,17.566
2162,5,9.9644
2162,6,9.6297
2162,7,10.566
2162,8,9.8836
2162,9,12.434
2162,10,15.389
2162,11,16.706
2162,12,21.73
2163,1,22.882
2163,2,20.756
2163,3,19.39
2163,4,14.026
2163,5,13.069
2163,6,10.198
2163,7,8.353
2163,8,10.463
2163,9,11.929
2163,10,15.079
2163,11,18.571
2163,12,20.741
2164,1,22.276
2164,2,21.378
2164,3,18.994
2164,4,15.923
2164,5,11.819
2164,6,10.058
2164,7,9.0316
2164,8,8.9673
2164,9,11.053
2164,10,15.15
2164,11,20.02
2164,12,24.023
2165,1,24.883
2165,2,20.737
2165,3,19.222
2165,4,15.164
2165,5,12.441
2165,6,12.342
2165,7,9.2754
2165,8,9.2658
2165,9,11.605
2165,10,14.119
2165,11,20.015
2165,12,20.813
2166,1,25.487
2166,2,23.114
2166,3,20.631
2166,4,12.19
2166,5,7.3915
2166,6,7.6418
2166,7,11.255
2166,8,11.706
2166,9,11.335
2166,10,15.099
2166,11,19.393
2166,12,21.628
2167,1,22.455
2167,2,22.4
2167,3,19.019
2167,4,13.487
2167,5,15.216
2167,6,10.004
2167,7,11.163
2167,8,10.575
2167,9,13.085
2167,10,14.005
2167,11,20.492
2167,12,22.858
2168,1,22.728
2168,2,20.736
2168,3,19.198
2168,4,18.069
2168,5,12.812
2168,6,10.821
2168,7,9.0852
2168,8,10.333
2168,9,12.588
2168,10,13.744
2168,11,18.552
2168,12,21.224
2169,1,21.866
2169,2,19.928
2169,3,19.018
2169,4,17.445
2169,5,11.518
2169,6,8.5606
2169,7,9.9537
2169,8,9.5333
2169,9,11.455
2169,10,16.678
2169,11,18.971
2169,12,23.973
2170,1,23.303
2170,2,23.564
2170,3,20.807
2170,4,13.529
2170,5,12.842
2170,6,9.3454
2170,7,8.9355
2170,8,9.8832
2170,9,12.017
2170,10,13.727
2170,11,19.835
2170,12,22.881
2171,1,22.457
2171,2,21.643
2171,3,16.799
2171,4,16.191
2171,5,13.366
2171,6,10.795
2171,7,10.471
2171,8,11.605
2171,9,11.236
2171,10,14.897
2171,11,20.344
2171,12,23.729
2172,1,22.589
2172,2,24.483
2172,3,19.042
2172,4,14.45
2172,5,12.706
2172,6,8.2613
2172,7,8.7368
2172,8,11.198
2172,9,15.315
2172,10,13.71
2172,11,17.831
2172,12,22.193
2173,1,22.736
2173,2,22.232
2173,3,20.54
2173,4,17.36
2173,5,13.138
2173,6,5.7311
2173,7,8.5126
2173,8,10.832
2173,9,12.61
2173,10,13.931
2173,11,17.781
2173,12,21.169
2174,1,20.992
2174,2,23.068
2174,3,21.209
2174,4,14.275
2174,5,15.573
2174,6,12.154
2174,7,6.0673
2174,8,9.2627
2174,9,12.07
2174,10,15.067
2174,11,17.762
2174,12,21.255
2175,1,21.363
2175,2,20.892
2175,3,20.215
2175,4,17.673
2175,5,12.271
2175,6,12.31
2175,7,10.751
2175,8,14.1
2175,9,14.521
2175,10,16.247
2175,11,19.614
2175,12,22.525
2176,1,25.367
2176,2,20.952
2176,3,17.772
2176,4,16.437
2176,5,10.115
2176,6,8.7794
2176,7,9.5863
2176,8,11.61
2176,9,13.359
2176,10,17.168
2176,11,18.969
2176,12,21.476
2177,1,21.671
2177,2,19.963
2177,3,19.024
2177,4,15.694
2177,5,10.498
2177,6,9.8531
2177,7,10.369
2177,8,13.133
2177,9,13.093
2177,10,13.996
2177,11,19.635
2177,12,20.851
2178,1,23.804
2178,2,24.265
2178,3,21.432
2178,4,15.974
2178,5,10.929
2178,6,9.9885
2178,7,7.383
2178,8,10.383
2178,9,12.746
2178,10,13.55
2178,11,19.381
2178,12,21.577
2179,1,24.952
2179,2,20.031
2179,3,18.826
2179,4,14.669
2179,5,12.26
2179,6,9.8101
2179,7,8.1186
2179,8,10.488
2179,9,13.587
2179,10,14.681
2179,11,20.629
2179,12,23.67
2180,1,24.269
2180,2,21.885
2180,3,18.431
2180,4,16.786
2180,5,14.764
2180,6,11.576
2180,7,10.84
2180,8,13.471
2180,9,14.96
2180,10,13.465
2180,11,17.699
2180,12,22.106
2181,1,24.878
2181,2,20.874
2181,3,20.12
2181,4,16.04
2181,5,11.876
2181,6,8.1092
2181,7,12.181
2181,8,10.129
2181,9,12.342
2181,10,13.672
2181,11,16.885
2181,12,22.992
2182,1,23.978
2182,2,23.03
2182,3,20.669
2182,4,16.592
2182,5,14.824
2182,6,12.642
2182,7,6.2334
2182,8,13.923
2182,9,12.464
2182,10,16.998
2182,11,20.698
2182,12,23.653
2183,1,22.767
2183,2,21.918
2183,3,22.401
2183,4,15.682
2183,5,10.33
2183,6,11.712
2183,7,11.162
2183,8,14.367
2183,9,12.167
2183,10,15.739
2183,11,18.007
2183,12,19.919
2184,1,22.623
2184,2,21.928
2184,3,16.751
2184,4,14.192
2184,5,13.251
2184,6,10.902
2184,7,12.229
2184,8,10.739
2184,9,10.586
2184,10,14.827
2184,11,18.119
2184,12,19.735
2185,1,22.022
2185,2,22.159
2185,3,20.668
2185,4,14.25
2185,5,14.726
2185,6,13.09
2185,7,13.177
2185,8,10.296
2185,9,13.07
2185,10,13.515
2185,11,18.145
2185,12,20.809
2186,1,23.019
2186,2,19.135
2186,3,21.342
2186,4,18.284
2186,5,13.488
2186,6,7.3745
2186,7,9.0573
2186,8,9.376
2186,9,12.952
2186,10,14.684
2186,11,18.284
2186,12,21.584
2187,1,22.156
2187,2,20.389
2187,3,19.159
2187,4,16.828
2187,5,13.749
2187,6,12.671
2187,7,9.9881
2187,8,14.331
2187,9,10.957
2187,10,14.894
2187,11,18.709
2187,12,22.052
2188,1,22.129
2188,2,22.901
2188,3,20.294
2188,4,16.459
2188,5,10.969
2188,6,6.3349
2188,7,10.962
2188,8,13.649
2188,9,12.095
2188,10,16.643
2188,11,18.501
2188,12,21.041
2189,1,24.654
2189,2,21.339
2189,3,18.388
2189,4,17.084
2189,5,12.632
2189,6,10.57
2189,7,11.385
2189,8,9.7626
2189,9,13.026
2189,10,15.429
2189,11,19.927
2189,12,23.575
2190,1,24.222
2190,2,24.052
2190,3,18.538
2190,4,16.519
2190,5,15.204
2190,6,13.014
2190,7,11.455
2190,8,10.395
2190,9,11.791
2190,10,14.258
2190,11,17.643
2190,12,20.665
2191,1,21.657
2191,2,20.56
2191,3,19.379
2191,4,15.33
2191,5,10.363
2191,6,6.5529
2191,7,11.166
2191,8,11.468
2191,9,13.703
2191,10,15.47
2191,11,20.573
2191,12,21.442
2192,1,23.665
2192,2,22.671
2192,3,20.585
2192,4,17.993
2192,5,12.293
2192,6,9.8392
2192,7,10.871
2192,8,11.596
2192,9,11.509
2192,10,15.008
2192,11,18.915
2192,12,21.759
2193,1,21.187
2193,2,23.509
2193,3,20.562
2193,4,16.4
2193,5,13.047
2193,6,11.3
2193,7,10.353
2193,8,13.657
2193,9,12.777
2193,10,14.783
2193,11,16.405
2193,12,21.016
2194,1,22.699
2194,2,23.583
2194,3,20.955
2194,4,17.162
2194,5,13.571
2194,6,9.0484
2194,7,8.3331
2194,8,9.9994
2194,9,12.397
2194,10,15.642
2194,11,20.052
2194,12,19.88
2195,1,24.789
2195,2,21.301
2195,3,19.337
2195,4,17.025
2195,5,12.702
2195,6,10.08
2195,7,9.1568
2195,8,11.159
2195,9,11.549
2195,10,14.241
2195,11,19.897
2195,12,21.505
2196,1,22.292
2196,2,19.939
2196,3,21.073
2196,4,16.934
2196,5,13.177
2196,6,10.256
2196,7,7.1373
2196,8,10.469
2196,9,13.236
2196,10,14.497
2196,11,19.112
2196,12,23.425
2197,1,24.729
2197,2,22.568
2197,3,22.606
2197,4,14.077
2197,5,11.841
2197,6,8.5053
2197,7,10.818
2197,8,11.25
2197,9,12.24
2197,10,14.789
2197,11,18.233
2197,12,21.648
2198,1,20.958
2198,2,23.56
2198,3,18.823
2198,4,17.115
2198,5,15.103
2198,6,10.499
2198,7,9.9739
2198,8,13.983
2198,9,12.266
2198,10,14.853
2198,11,16.403
2198,12,19.698
2199,1,21.628
2199,2,21.123
2199,3,20.982
2199,4,14
2199,5,9.5909
2199,6,9.8343
2199,7,10.233
2199,8,11.451
2199,9,15.18
2199,10,14.608
2199,11,18.416
2199,12,21.952
