, "CCCMA ""CGCM3"" a", "CCCMA ""CGCM3"" b", "GFDL ""CM2"" a", "GFDL ""CM2"" b", "GISS ""AOM"" a", "GISS ""AOM"" b", "historico mas futuro", "MPI ""ECHAM5"" a", "MPI ""ECHAM5"" b", "MRI ""CGCM2.3.2."" a", "MRI ""CGCM2.3.2."" b", "NIES ""MIRO3.2."" a", "NIES ""MIRO3.2."" b", "UKMO ""HADCM3"" a", "UKMO ""HADCM3"" b"
"Apr 2019", 22.7953, 22.7953, 22.7953, 22.7953, 22.7953, 22.7953, 22.7953, 22.7953, 22.7953, 22.7953, 22.7953, 22.7953, 22.7953, 22.7953, 22.7953
"May 2019", 8.4043, 8.4043, 8.4043, 8.4043, 8.4043, 8.4043, 8.4043, 8.4043, 8.4043, 8.4043, 8.4043, 8.4043, 8.4043, 8.4043, 8.4043
"Jun 2019", 5.77418, 5.77418, 5.77418, 5.77418, 5.77418, 5.77418, 5.77418, 5.77418, 5.77418, 5.77418, 5.77418, 5.77418, 5.77418, 5.77418, 5.77418
"Jul 2019", 4.19469, 4.19469, 4.19469, 4.19469, 4.19469, 4.19469, 4.19469, 4.19469, 4.19469, 4.19469, 4.19469, 4.19469, 4.19469, 4.19469, 4.19469
"Aug 2019", 4.0097, 4.0097, 4.0097, 4.0097, 4.0097, 4.0097, 4.0097, 4.0097, 4.0097, 4.0097, 4.0097, 4.0097, 4.0097, 4.0097, 4.0097
"Sep 2019", 2.88602, 2.88602, 2.88602, 2.88602, 2.88602, 2.88602, 2.88602, 2.88602, 2.88602, 2.88602, 2.88602, 2.88602, 2.88602, 2.88602, 2.88602
"Oct 2019", 2.25981, 2.25981, 2.25981, 2.25981, 2.25981, 2.25981, 2.25981, 2.25981, 2.25981, 2.25981, 2.25981, 2.25981, 2.25981, 2.25981, 2.25981
"Nov 2019", 2.07476, 2.07476, 2.07476, 2.07476, 2.07476, 2.07476, 2.07476, 2.07476, 2.07476, 2.07476, 2.07476, 2.07476, 2.07476, 2.07476, 2.07476
"Dec 2019", 1.69605, 1.69605, 1.69605, 1.69605, 1.69605, 1.69605, 1.69605, 1.69605, 1.69605, 1.69605, 1.69605, 1.69605, 1.69605, 1.69605, 1.69605
"Jan 2020", 1.43088, 1.43088, 1.43088, 1.43088, 1.43088, 1.43088, 1.43088, 1.43088, 1.43088, 1.43088, 1.43088, 1.43088, 1.43088, 1.43088, 1.43088
"Feb 2020", 1.3547, 1.3547, 1.3547, 1.3547, 1.3547, 1.3547, 1.3547, 1.3547, 1.3547, 1.3547, 1.3547, 1.3547, 1.3547, 1.3547, 1.3547
"Mar 2020", 1.03728, 1.03728, 1.03728, 1.03728, 1.03728, 1.03728, 1.03728, 1.03728, 1.03728, 1.03728, 1.03728, 1.03728, 1.03728, 1.03728, 1.03728
"Apr 2020", 2.34155, 1.01926, 1.20081, 0.996177, 2.29154, 0.948863, 1.02084, 1.42603, 0.999428, 1.18339, 1.37096, 0.94676, 0.94366, 1.37025, 1.12231
"May 2020", 2.32698, 1.05448, 1.05104, 1.77913, 1.60344, 1.09373, 1.45936, 1.30124, 2.28944, 1.9386, 1.07739, 1.62494, 1.47391, 1.24759, 1.93637
"Jun 2020", 3.26099, 1.38001, 2.0325, 1.68188, 1.6435, 1.40577, 1.54465, 1.21572, 2.03013, 2.60942, 1.52958, 1.8408, 1.59219, 2.18419, 1.81175
"Jul 2020", 4.49056, 1.62351, 2.8931, 1.79972, 2.63062, 2.1411, 1.39548, 1.65968, 2.88859, 2.82048, 2.24875, 1.57913, 2.09963, 1.88598, 2.55248
"Aug 2020", 3.10432, 2.41001, 2.75449, 2.12142, 3.22255, 3.08708, 1.59177, 1.93352, 2.74207, 2.94223, 3.10112, 2.11679, 1.97737, 2.34011, 2.54534
"Sep 2020", 2.91032, 2.66822, 2.29278, 1.8526, 3.35884, 3.03085, 1.49852, 2.17197, 2.87932, 2.477, 2.85264, 2.05667, 2.58886, 2.99595, 2.50689
"Oct 2020", 3.1795, 2.66004, 2.34301, 1.43338, 3.37505, 2.2393, 1.5681, 2.01216, 2.09203, 2.3186, 2.90838, 2.3387, 2.19014, 2.24556, 2.76683
"Nov 2020", 2.44602, 1.79565, 2.42645, 1.41449, 2.73008, 1.70584, 1.40139, 1.76857, 1.6137, 1.83956, 2.25977, 1.80589, 1.8857, 2.15938, 2.29238
"Dec 2020", 1.84115, 1.57865, 1.56437, 1.08424, 1.77671, 1.33651, 2.39556, 1.22932, 1.32072, 1.38386, 1.54524, 1.35092, 1.93363, 1.47586, 1.77168
"Jan 2021", 1.52248, 1.26186, 1.34276, 0.938929, 1.50712, 1.19606, 1.29695, 1.06759, 1.24148, 1.23831, 1.34447, 1.20548, 1.336, 1.48907, 1.38237
"Feb 2021", 1.51791, 1.38604, 1.32526, 0.956136, 1.55667, 1.14579, 1.40339, 1.03811, 1.14636, 1.20986, 1.39807, 1.15951, 1.29933, 1.29638, 1.38366
"Mar 2021", 1.4127, 1.35798, 1.0614, 0.756082, 1.20182, 0.99148, 1.05593, 0.83513, 0.976791, 1.0214, 1.17025, 0.979722, 1.09454, 1.03466, 1.11731
"Apr 2021", 1.5099, 1.03349, 1.25247, 1.19943, 1.11053, 1.18525, 1.02245, 0.790548, 1.06795, 1.12154, 2.34529, 1.20329, 1.0696, 1.54895, 1.10069
"May 2021", 2.82378, 1.51648, 1.44567, 2.25364, 1.36481, 1.36501, 1.62841, 1.13749, 2.49215, 2.42856, 2.66273, 1.05774, 1.17846, 1.24286, 1.35146
"Jun 2021", 3.17251, 1.32628, 2.02615, 1.76721, 1.75936, 1.45465, 1.75137, 1.92023, 1.9531, 2.26289, 2.63534, 1.59108, 2.3281, 2.23761, 1.83023
"Jul 2021", 3.27685, 1.80127, 1.65829, 2.44817, 1.69361, 1.50394, 2.03045, 1.88168, 3.82982, 2.04065, 3.60693, 1.72581, 2.53238, 2.7208, 2.37114
"Aug 2021", 2.82846, 1.84521, 2.2368, 2.60321, 2.11749, 1.71569, 2.07932, 2.22687, 2.32658, 2.41468, 3.6732, 1.61726, 3.21098, 3.15532, 3.32366
"Sep 2021", 2.72586, 1.89086, 2.63049, 2.51052, 2.2593, 2.83008, 2.11129, 2.26903, 2.3603, 2.46333, 4.80503, 1.65668, 3.19665, 2.9947, 3.16762
"Oct 2021", 2.50842, 1.37236, 2.62843, 2.2135, 2.69109, 3.32615, 1.94958, 2.2809, 2.45333, 2.46455, 3.74215, 1.58634, 2.88826, 3.24766, 2.19799
"Nov 2021", 2.21195, 1.21609, 2.25032, 1.60312, 2.0735, 2.83168, 1.52282, 1.95413, 1.84359, 2.09009, 3.11625, 1.39416, 2.35459, 2.28581, 2.10582
"Dec 2021", 1.70076, 1.42957, 1.4928, 1.29101, 2.24383, 1.68275, 1.19333, 1.32519, 1.49092, 1.6598, 3.14323, 1.56976, 2.56366, 1.68983, 2.29594
"Jan 2022", 1.49409, 0.993299, 1.32146, 1.29444, 1.37871, 1.42626, 1.04659, 1.16912, 1.29557, 1.2816, 2.04614, 1.0563, 1.58227, 1.47089, 1.50457
"Feb 2022", 1.72353, 0.973824, 1.29237, 1.14727, 1.35032, 1.39432, 1.04655, 1.14075, 1.272, 1.23946, 1.90237, 1.00578, 1.52148, 1.44307, 1.41463
"Mar 2022", 1.20715, 0.826953, 1.13033, 0.991586, 1.23255, 1.14565, 0.956754, 1.19226, 1.03884, 1.11835, 1.51332, 0.804258, 1.29594, 1.34389, 1.13209
"Apr 2022", 1.39141, 1.39868, 1.55567, 0.985326, 1.10534, 1.31731, 0.92099, 1.54169, 1.17571, 1.44112, 1.59974, 0.863991, 1.37817, 1.17638, 2.37166
"May 2022", 1.34162, 2.39539, 2.03015, 1.40309, 2.3937, 1.15534, 1.28775, 1.44566, 1.10398, 1.23655, 1.75801, 1.67607, 2.35545, 1.27305, 3.26846
"Jun 2022", 2.58438, 2.28981, 2.22119, 1.7748, 2.36416, 1.21704, 1.62834, 2.22129, 1.11724, 2.42704, 2.15671, 1.56583, 2.74807, 2.26958, 2.42306
"Jul 2022", 2.26574, 2.42787, 3.46431, 1.87828, 2.25434, 1.81178, 2.01708, 2.30562, 2.73508, 1.94576, 2.60198, 1.38641, 2.97364, 2.51127, 2.4181
"Aug 2022", 2.32671, 2.37066, 2.80682, 1.86563, 2.59542, 2.35318, 2.03744, 2.1766, 3.14562, 2.36733, 2.34668, 1.68594, 3.32872, 3.37671, 2.75167
"Sep 2022", 2.59214, 2.24934, 2.79412, 1.98571, 2.47506, 2.7466, 2.19145, 2.16517, 2.5521, 2.10853, 2.0878, 1.79161, 3.62956, 3.83486, 3.39519
"Oct 2022", 2.79758, 2.05428, 2.47079, 1.66484, 2.41423, 2.60038, 1.91276, 1.77338, 2.67755, 2.02662, 1.95424, 1.56005, 2.44224, 2.91338, 2.65052
"Nov 2022", 2.08991, 1.59716, 1.87719, 1.33433, 1.97276, 1.94603, 1.47959, 1.4706, 2.31528, 2.1002, 1.8535, 1.8577, 1.92508, 2.28364, 2.2702
"Dec 2022", 1.53775, 1.514, 1.6627, 1.11961, 1.57968, 1.4564, 1.25047, 1.19004, 2.27655, 1.42876, 1.33042, 1.31695, 1.71443, 2.47929, 1.70577
"Jan 2023", 1.41079, 1.20594, 1.33222, 0.96289, 1.44295, 1.23836, 1.03763, 1.04744, 1.5536, 1.46279, 1.14519, 1.07464, 1.40434, 1.58803, 1.5297
"Feb 2023", 1.30451, 1.17663, 1.29553, 0.940547, 1.29114, 1.23929, 1.04962, 1.02613, 1.45068, 1.26471, 1.13846, 1.02586, 1.4331, 1.53321, 1.45836
"Mar 2023", 1.09795, 0.94228, 1.14095, 0.771577, 1.06281, 0.982767, 0.884442, 0.833496, 1.36264, 1.03164, 0.962076, 0.847573, 1.10813, 1.23852, 1.24734
"Apr 2023", 1.54581, 1.02235, 1.18975, 0.735921, 1.14862, 1.15747, 0.894088, 1.13104, 1.82932, 1.61463, 1.16752, 0.952735, 1.18581, 1.78977, 1.46097
"May 2023", 1.5423, 0.985065, 1.32404, 0.95786, 1.97389, 1.42306, 0.872431, 1.14834, 1.49977, 2.11713, 1.6668, 1.09622, 1.34163, 1.94257, 2.00303
"Jun 2023", 2.86269, 0.975799, 1.68985, 1.36608, 2.18438, 1.63381, 1.03035, 1.83224, 1.90419, 1.68318, 2.92208, 1.79668, 2.70631, 2.31361, 2.21728
"Jul 2023", 2.72122, 1.48919, 1.55667, 1.30769, 3.36855, 2.04727, 1.46951, 3.05079, 2.45538, 2.77318, 3.08059, 2.65878, 2.97072, 2.59175, 3.4809
"Aug 2023", 2.88847, 2.84908, 1.66217, 3.08846, 3.16975, 2.22748, 2.3602, 2.70101, 3.086, 3.44835, 2.86419, 3.06475, 2.70939, 2.68238, 2.87745
"Sep 2023", 2.49646, 2.53825, 2.14758, 2.71725, 3.267, 2.2495, 2.48496, 3.65887, 3.43978, 3.59094, 3.33819, 3.0771, 2.9112, 2.47003, 2.57941
"Oct 2023", 1.95139, 2.05547, 1.56448, 2.67226, 3.43374, 2.12775, 2.24211, 3.07521, 3.1388, 3.55695, 2.41654, 2.49784, 2.50792, 2.24137, 2.46209
"Nov 2023", 2.34247, 1.5994, 1.30536, 2.76111, 2.39814, 1.97133, 1.77432, 2.46115, 2.68258, 2.45564, 2.05421, 2.19617, 2.13769, 1.74608, 2.44988
"Dec 2023", 1.60593, 1.99735, 1.10226, 1.96163, 1.71244, 1.51375, 1.2946, 1.66878, 2.53504, 1.9254, 1.83023, 1.56774, 1.51328, 1.36405, 1.63829
"Jan 2024", 1.40181, 1.28705, 1.08267, 1.45552, 1.48789, 1.19609, 1.14662, 1.64109, 1.68058, 1.56807, 1.39552, 1.31178, 1.31783, 1.18822, 1.40206
"Feb 2024", 1.36482, 1.2314, 0.972112, 1.38547, 1.43909, 1.19968, 1.10367, 1.50365, 1.73029, 1.50693, 1.35608, 1.28417, 1.34419, 1.1593, 1.35311
"Mar 2024", 1.12338, 1.30537, 0.792546, 1.18063, 1.15269, 0.964994, 0.892821, 1.24723, 1.3202, 1.27408, 1.0906, 1.07059, 1.0513, 0.936853, 1.09942
"Apr 2024", 1.76469, 1.08112, 1.29592, 1.6695, 1.50412, 1.40527, 1.71692, 1.44146, 1.27486, 1.21001, 1.01901, 1.51313, 1.01683, 1.18593, 1.01188
"May 2024", 3.41588, 1.2887, 1.40865, 1.33716, 2.42025, 1.29739, 1.31578, 1.4323, 1.33805, 1.77406, 1.3935, 2.38404, 1.15998, 1.00597, 1.3915
"Jun 2024", 2.30533, 1.83239, 2.21885, 2.1568, 2.02722, 1.2815, 1.13265, 2.33415, 2.11632, 1.44044, 1.94364, 1.71901, 1.96285, 1.53103, 2.59821
"Jul 2024", 2.16674, 3.52667, 2.2378, 2.63402, 2.10809, 3.17445, 1.47015, 2.11595, 2.89979, 1.52812, 3.6226, 2.20316, 1.81794, 1.80267, 2.51668
"Aug 2024", 2.29284, 2.96547, 2.38033, 2.5453, 2.05762, 2.9339, 1.45725, 3.67127, 2.88278, 1.4813, 2.93443, 1.97977, 2.91924, 2.26734, 2.56533
"Sep 2024", 2.27587, 2.82741, 2.22675, 2.77217, 3.14906, 2.91821, 1.30551, 3.62268, 2.88056, 1.63423, 2.6378, 1.90804, 3.4776, 2.5905, 2.99721
"Oct 2024", 2.28512, 2.56831, 1.76829, 2.17322, 2.90614, 2.19579, 1.53369, 2.96423, 2.37804, 1.58587, 2.76404, 1.69616, 2.86672, 1.82218, 2.58054
"Nov 2024", 1.95621, 1.91573, 1.90774, 1.88195, 2.60665, 1.74615, 1.32289, 3.06497, 1.72443, 1.47182, 2.04482, 1.41567, 2.85111, 1.51626, 1.84599
"Dec 2024", 1.4008, 1.55174, 1.37919, 1.45629, 1.74151, 1.37568, 1.01228, 2.80042, 1.456, 1.1187, 1.55216, 1.29878, 1.73498, 1.17785, 2.00576
"Jan 2025", 1.24887, 1.35593, 1.19061, 1.22924, 1.4813, 1.21476, 0.911007, 1.79098, 1.25268, 0.941271, 1.33865, 1.03867, 1.48472, 1.03901, 1.4696
"Feb 2025", 1.20275, 1.28891, 1.18952, 1.20011, 1.49099, 1.17833, 0.926364, 1.75511, 1.23705, 0.931788, 1.301, 1.01565, 1.44807, 1.07199, 1.3701
"Mar 2025", 1.13409, 1.04481, 0.972738, 1.0681, 1.20128, 0.949176, 0.759953, 1.64396, 0.989804, 0.769274, 1.0908, 0.825303, 1.15796, 0.875859, 1.16026
"Apr 2025", 1.04647, 0.994896, 0.932536, 1.08603, 1.33955, 0.958061, 0.917644, 1.43481, 1.6007, 0.780305, 1.01559, 1.77999, 1.57528, 0.844452, 1.28012
"May 2025", 2.61609, 1.12999, 1.03785, 1.83777, 2.60912, 1.86934, 0.920549, 1.55716, 1.2065, 0.940756, 1.2085, 1.55179, 1.59983, 1.32812, 1.78154
"Jun 2025", 2.14963, 2.11371, 1.02328, 1.99355, 3.82352, 1.60077, 1.49431, 1.46167, 1.13686, 1.54725, 1.57183, 2.06772, 2.16909, 1.5229, 3.40482
"Jul 2025", 2.18729, 1.89694, 1.16198, 3.34741, 3.71244, 1.64888, 1.40384, 1.60388, 1.20776, 1.50387, 2.66796, 3.02792, 2.55267, 2.80931, 2.35938
"Aug 2025", 2.08576, 2.1949, 1.21732, 2.69264, 3.36202, 1.58464, 1.51632, 2.81327, 1.62573, 1.96053, 2.43595, 2.80603, 2.13004, 2.24167, 2.28584
"Sep 2025", 2.34131, 2.03887, 1.4129, 2.96676, 3.25037, 2.50036, 1.70921, 2.39047, 1.63677, 2.60186, 2.73988, 2.86518, 2.03157, 3.32601, 2.48286
"Oct 2025", 1.98953, 1.90346, 1.27607, 2.27093, 2.59184, 2.20131, 1.60223, 1.98255, 1.71057, 2.02511, 3.72172, 2.2949, 1.89446, 3.01752, 2.31053
"Nov 2025", 2.40355, 1.51512, 1.62907, 2.24026, 2.24223, 1.83177, 1.46987, 1.67225, 1.96481, 1.50081, 2.12161, 1.75732, 1.58267, 2.61444, 2.66003
"Dec 2025", 1.93525, 1.78481, 1.19234, 1.54703, 2.1799, 1.68359, 1.04357, 1.30137, 1.47405, 1.79523, 2.60008, 1.851, 1.2961, 1.91716, 1.52352
"Jan 2026", 1.39998, 1.18988, 0.921706, 1.35246, 1.64552, 1.24554, 0.915754, 1.15696, 1.13715, 1.17663, 1.70786, 1.31558, 1.08337, 1.48139, 1.37341
"Feb 2026", 1.38832, 1.28955, 0.900274, 1.31935, 1.58028, 1.22629, 0.936931, 1.13598, 1.137, 1.12306, 1.601, 1.30768, 1.06055, 1.41981, 1.29272
"Mar 2026", 1.11986, 1.02959, 0.755928, 1.07951, 1.52251, 1.05585, 0.915513, 0.927303, 0.92948, 0.982998, 1.37196, 1.15343, 0.857553, 1.13324, 1.1546
"Apr 2026", 1.14729, 0.958962, 0.753217, 1.11, 1.5181, 1.4264, 1.02974, 0.876965, 0.973601, 1.54293, 1.3471, 1.29635, 1.11625, 1.33292, 1.50068
"May 2026", 1.25763, 2.6264, 1.91766, 2.22874, 2.86008, 1.36115, 1.06419, 0.96571, 1.62679, 1.26531, 1.45162, 1.58089, 1.72666, 2.47902, 1.46535
"Jun 2026", 1.14833, 2.32152, 1.33798, 1.51083, 2.80444, 2.07587, 1.09882, 1.97987, 1.58409, 1.39925, 2.07014, 1.89271, 1.65248, 2.28362, 2.69131
"Jul 2026", 2.1549, 4.43007, 2.83139, 2.51109, 3.34145, 2.35733, 1.24338, 2.75398, 1.77238, 2.20624, 2.50722, 2.21257, 2.3412, 2.94546, 4.59996
"Aug 2026", 1.60827, 3.00773, 2.79484, 2.78152, 2.99729, 3.38975, 1.23852, 2.66792, 2.10333, 2.7463, 2.85412, 2.65446, 1.92746, 3.48349, 4.19415
"Sep 2026", 2.64634, 2.6067, 2.77795, 2.8757, 3.01791, 3.82828, 1.95619, 2.59404, 2.3784, 2.26059, 2.87521, 2.28199, 2.46883, 3.32326, 4.89598
"Oct 2026", 2.13391, 2.09317, 2.63869, 2.51909, 2.31867, 3.10021, 1.74242, 2.07269, 2.05284, 1.82433, 2.86358, 2.05781, 1.98626, 2.74806, 3.51641
"Nov 2026", 1.8707, 1.84003, 1.89745, 2.36132, 1.90416, 2.83246, 1.3794, 1.61844, 1.72559, 1.56326, 2.48129, 1.88908, 1.50022, 2.0969, 2.58809
"Dec 2026", 1.3418, 1.45541, 1.41351, 1.58078, 1.55113, 1.95732, 1.04753, 1.2866, 1.23925, 1.21706, 2.00671, 1.32303, 1.29828, 2.03827, 2.39163
"Jan 2027", 1.12672, 1.28195, 1.23441, 1.41049, 1.36593, 1.59693, 1.00932, 1.17796, 1.08671, 1.07406, 1.60919, 1.17663, 1.15169, 1.51676, 1.82065
"Feb 2027", 1.10855, 1.23734, 1.26113, 1.54405, 1.30816, 1.51542, 1.00915, 1.14276, 1.12027, 1.07008, 1.59004, 1.37685, 1.10931, 1.49464, 1.76514
"Mar 2027", 0.887981, 1.03077, 1.18677, 1.27413, 1.04963, 1.21282, 0.893341, 0.961312, 0.929436, 0.872421, 1.29698, 0.965045, 0.951936, 1.18671, 1.47426
"Apr 2027", 1.14053, 1.13714, 1.52363, 1.28414, 1.13208, 1.248, 1.5132, 1.12972, 0.974526, 0.848186, 1.2714, 1.32922, 0.860181, 1.79289, 1.37889
"May 2027", 1.0395, 1.0507, 1.4793, 1.93667, 3.0246, 2.13107, 1.14467, 1.90008, 1.4589, 0.998817, 2.64955, 1.10602, 1.85001, 1.94717, 1.41011
"Jun 2027", 1.45273, 1.23573, 1.78611, 2.00542, 2.72123, 2.74347, 2.02197, 3.10718, 3.03013, 1.33203, 2.01511, 1.03883, 1.70463, 2.38605, 2.60118
"Jul 2027", 3.56059, 1.78845, 2.28827, 2.36261, 2.6112, 2.89564, 2.04477, 3.59222, 3.24842, 1.8133, 1.99098, 1.8229, 1.84026, 2.86704, 2.70412
"Aug 2027", 3.0366, 2.69186, 3.11326, 2.13628, 2.37171, 3.33583, 2.61786, 3.07827, 2.84814, 2.67347, 2.64191, 2.00488, 2.02734, 2.36141, 3.18688
"Sep 2027", 2.68736, 2.09291, 3.40932, 2.25617, 2.39556, 2.69141, 1.87567, 3.40257, 3.60522, 3.01001, 2.6164, 1.96623, 2.34219, 2.39836, 2.72423
"Oct 2027", 2.65406, 2.22948, 2.47701, 2.07012, 1.9076, 2.55841, 1.55936, 3.25005, 3.24353, 2.60259, 2.50656, 1.78039, 2.55562, 2.36271, 2.37532
"Nov 2027", 2.21608, 1.49173, 2.03542, 1.85462, 1.58713, 1.94157, 1.55232, 2.39877, 2.51498, 2.21977, 1.98288, 2.18052, 2.10998, 2.64871, 2.31575
"Dec 2027", 1.62888, 1.45992, 1.80682, 1.3603, 1.28638, 1.49631, 1.32604, 2.39114, 1.7521, 1.4573, 1.53739, 1.65759, 1.3911, 1.7149, 1.63966
"Jan 2028", 1.34107, 1.14268, 1.40207, 1.16736, 1.15264, 1.30057, 1.15817, 1.90917, 1.50005, 1.26904, 1.31279, 1.20094, 1.25369, 1.43117, 1.36056
"Feb 2028", 1.36708, 1.17634, 1.38358, 1.14417, 1.19098, 1.28776, 1.13149, 1.83144, 1.47266, 1.22337, 1.34899, 1.13626, 1.22364, 1.39976, 1.31771
"Mar 2028", 1.22582, 0.946489, 1.09788, 0.929995, 0.986048, 1.24864, 0.887387, 1.44932, 1.16799, 0.988093, 1.12234, 0.990651, 0.990528, 1.13894, 1.05704
"Apr 2028", 1.14287, 0.888437, 1.21727, 1.32209, 1.20268, 1.24133, 0.906616, 1.73333, 1.08758, 2.12314, 1.01985, 1.88773, 0.973478, 1.87279, 1.22566
"May 2028", 1.7095, 1.08299, 1.18853, 1.0783, 1.12757, 1.96755, 1.38332, 1.68656, 1.21063, 3.02601, 1.06329, 1.83965, 1.15676, 2.03412, 1.97459
"Jun 2028", 2.25664, 2.62747, 1.55484, 2.1198, 1.39119, 1.69786, 1.48699, 2.03185, 1.79189, 3.52743, 2.46179, 3.02221, 2.26393, 3.01376, 2.42507
"Jul 2028", 2.94908, 2.17691, 1.34362, 1.94259, 2.46043, 2.50935, 1.35327, 3.57583, 1.92903, 4.35527, 2.02697, 3.66728, 2.33622, 3.11364, 3.39661
"Aug 2028", 2.29362, 2.27187, 1.91525, 2.4519, 3.25043, 2.32317, 1.56255, 3.27768, 1.73387, 3.66439, 1.95647, 3.51108, 3.03175, 2.9593, 4.30433
"Sep 2028", 2.27498, 2.09216, 1.98586, 2.14028, 3.32365, 2.39107, 1.47601, 4.24265, 2.04591, 4.43947, 1.9513, 3.94375, 2.61542, 3.49547, 4.40042
"Oct 2028", 1.93409, 2.53318, 1.85625, 2.10238, 2.89345, 2.44167, 1.55428, 4.06875, 2.1786, 4.37102, 2.0725, 3.82359, 2.58715, 3.0846, 3.59528
"Nov 2028", 1.8447, 2.34897, 1.57424, 1.66451, 2.94703, 2.44041, 1.39131, 2.74758, 1.70241, 3.72338, 1.83599, 2.60082, 1.8366, 2.99902, 2.41438
"Dec 2028", 1.32709, 1.47751, 1.20866, 1.28986, 1.72635, 1.62899, 2.39694, 2.63154, 1.27668, 2.78746, 1.59535, 1.97032, 1.619, 2.27131, 1.96579
"Jan 2029", 1.23743, 1.26018, 1.17241, 1.15826, 1.46053, 1.40365, 1.29431, 1.83996, 1.13233, 2.01671, 1.1989, 1.82136, 1.27088, 1.72318, 1.66974
"Feb 2029", 1.15447, 1.22263, 1.06937, 1.15231, 1.41423, 1.37443, 1.40375, 1.75432, 1.11244, 1.99642, 1.26901, 1.79088, 1.23755, 1.68868, 1.67282
"Mar 2029", 0.931871, 0.984194, 0.932533, 0.938746, 1.13542, 1.32228, 1.05755, 1.45802, 0.917088, 1.54587, 1.17255, 1.39712, 0.992047, 1.50454, 1.30385
"Apr 2029", 1.21374, 1.74088, 1.03037, 1.07565, 1.31067, 1.16666, 1.02572, 1.34545, 0.883164, 1.44777, 1.01632, 1.35943, 0.949888, 1.3719, 1.28647
"May 2029", 1.46567, 1.78413, 1.4588, 1.14407, 1.88501, 1.48363, 1.63576, 1.8084, 1.04237, 2.8774, 0.985298, 1.17853, 1.09644, 2.25647, 1.24508
"Jun 2029", 1.41199, 3.0842, 1.73813, 1.08991, 1.49842, 2.77482, 1.75958, 3.20306, 1.09451, 3.45368, 2.00264, 1.55098, 1.54054, 3.70888, 1.33823
"Jul 2029", 1.21669, 3.65778, 1.93136, 1.8983, 3.11667, 4.16969, 2.03969, 3.65444, 1.30667, 2.35221, 1.90917, 2.11744, 2.76436, 4.53851, 2.75412
"Aug 2029", 1.37282, 2.65921, 2.00527, 1.63298, 2.83486, 3.1214, 2.08852, 3.52436, 1.32291, 2.41134, 1.98317, 2.2558, 2.33714, 3.20505, 4.06583
"Sep 2029", 2.08547, 2.88252, 2.03643, 1.8762, 2.84201, 3.15381, 2.12047, 3.36136, 1.37172, 2.24199, 3.50403, 2.48796, 2.65383, 3.06261, 3.31439
"Oct 2029", 1.77687, 3.15837, 1.73482, 1.42657, 2.23133, 3.04541, 1.95797, 3.36734, 1.31464, 2.09898, 3.06158, 2.16472, 2.63197, 3.12258, 2.65631
"Nov 2029", 1.26997, 2.80082, 1.55009, 1.34655, 2.19538, 2.58315, 1.53005, 2.48199, 1.08329, 1.63851, 2.4175, 1.62528, 2.14868, 2.31911, 2.2719
"Dec 2029", 1.48585, 2.34958, 1.2251, 1.52119, 1.58298, 1.87513, 1.19951, 2.52282, 0.855291, 1.40973, 1.77653, 1.36303, 1.99872, 1.84414, 1.69907
"Jan 2030", 1.04345, 1.61604, 1.04187, 1.02417, 1.62042, 1.55032, 1.05219, 1.78051, 0.772568, 1.20346, 1.4655, 1.17806, 1.38389, 1.54014, 1.4505
"Feb 2030", 1.0319, 1.55369, 1.02604, 0.992221, 1.42886, 1.60407, 1.05216, 1.66982, 0.868153, 1.19693, 1.42465, 1.15877, 1.32523, 1.55695, 1.48981
"Mar 2030", 0.852646, 1.24202, 0.962454, 0.841877, 1.28253, 1.2572, 0.961514, 1.37376, 0.669816, 0.939407, 1.27337, 1.00068, 1.06712, 1.26787, 1.18279
"Apr 2030", 0.848674, 1.60605, 0.894421, 2.07622, 1.34217, 1.24288, 0.925446, 2.01706, 1.93381, 1.11214, 1.10215, 0.958028, 1.24835, 1.20995, 1.44395
"May 2030", 1.00523, 1.43938, 0.925921, 2.24402, 1.55506, 1.92276, 1.29236, 1.84621, 1.92079, 1.656, 1.07411, 1.45328, 1.58658, 1.76717, 2.16247
"Jun 2030", 1.96689, 1.46789, 1.54657, 1.68057, 1.53512, 2.65247, 1.6331, 2.6275, 3.08529, 2.07581, 3.15651, 1.72634, 2.26106, 1.62203, 2.44255
"Jul 2030", 3.85805, 1.98396, 1.78124, 1.96955, 2.75476, 2.0462, 2.02179, 2.89831, 3.07478, 2.07482, 2.45878, 1.97361, 3.80856, 2.88436, 2.66742
"Aug 2030", 2.97569, 3.2023, 1.94268, 2.41164, 2.93578, 3.99411, 2.0418, 2.8863, 4.18369, 2.05425, 3.83523, 2.19378, 3.06477, 3.91773, 2.71559
"Sep 2030", 2.46397, 2.93287, 2.14225, 3.741, 2.80209, 3.45525, 2.1957, 2.95118, 3.23802, 1.96213, 3.45718, 2.69793, 3.23813, 3.0772, 2.56448
"Oct 2030", 2.75178, 2.56533, 2.01052, 3.33273, 2.18, 2.8609, 1.9164, 2.4695, 2.72277, 2.29021, 3.17461, 2.43135, 2.66885, 2.47935, 2.65899
"Nov 2030", 2.72112, 2.22433, 1.55888, 3.65006, 1.71225, 2.40337, 1.48272, 1.93114, 2.26657, 2.47174, 2.56107, 2.27423, 2.57625, 2.16302, 2.04935
"Dec 2030", 1.75836, 2.25239, 1.1898, 2.258, 1.71112, 1.96974, 1.25315, 1.72987, 1.64696, 2.50436, 1.95524, 1.73322, 1.77506, 1.60526, 1.57806
"Jan 2031", 1.40657, 1.48444, 1.06037, 1.71168, 1.27569, 1.55392, 1.03994, 1.38563, 1.42096, 1.51556, 1.59316, 1.37523, 1.5075, 1.40168, 1.35926
"Feb 2031", 1.51645, 1.42755, 1.05216, 1.64827, 1.2372, 1.55754, 1.05187, 1.34412, 1.41156, 1.4754, 1.54061, 1.37737, 1.43469, 1.36411, 1.33648
"Mar 2031", 1.14415, 1.18549, 0.898351, 1.32375, 1.00894, 1.26417, 0.886235, 1.06767, 1.14997, 1.44751, 1.2352, 1.27251, 1.14814, 1.09867, 1.08776
"Apr 2031", 1.55356, 1.34933, 0.913775, 2.02191, 0.994944, 1.20055, 0.895756, 1.17323, 1.09656, 1.26624, 1.22998, 1.41398, 1.33458, 1.45108, 1.10155
"May 2031", 1.80578, 1.78283, 1.76245, 1.83139, 1.09945, 1.42098, 0.873899, 2.32146, 1.76406, 2.69313, 1.71952, 1.23758, 3.31835, 1.4547, 1.59186
"Jun 2031", 1.8783, 2.19988, 1.94793, 1.69803, 1.45864, 2.51144, 1.03179, 2.32755, 2.82421, 2.47487, 1.74942, 1.56302, 2.38263, 1.92754, 1.70926
"Jul 2031", 3.40314, 2.11566, 1.72512, 1.44976, 2.07951, 3.23263, 1.47096, 3.62033, 3.73291, 2.97624, 3.43917, 1.67109, 3.06693, 2.97538, 2.27065
"Aug 2031", 3.82168, 2.82712, 1.69294, 1.86207, 2.277, 4.68966, 2.36179, 3.39062, 3.72781, 3.02436, 3.02328, 2.7032, 2.98301, 2.7599, 2.45196
"Sep 2031", 3.06747, 2.46889, 1.64741, 1.87752, 4.07571, 3.78717, 2.48646, 3.5217, 4.14593, 3.29854, 3.72628, 2.70171, 3.05545, 2.72547, 2.7015
"Oct 2031", 2.23549, 2.17295, 1.3835, 1.997, 3.05532, 3.09148, 2.2434, 3.54965, 3.95313, 2.93789, 3.69572, 2.33542, 2.41758, 2.26074, 2.21821
"Nov 2031", 1.93945, 1.83955, 1.12292, 1.70862, 2.25161, 2.76847, 1.77544, 2.63595, 3.24563, 2.24957, 3.21563, 1.80003, 1.8379, 1.95295, 2.44493
"Dec 2031", 2.29737, 2.19297, 0.961361, 1.2387, 2.30661, 2.20599, 1.29551, 2.44029, 2.10876, 1.63479, 3.16344, 1.6369, 1.50216, 1.47497, 2.17467
"Jan 2032", 1.78343, 1.38197, 0.844519, 1.13449, 1.54952, 1.67739, 1.14743, 1.82678, 1.81573, 1.41488, 2.00738, 1.25637, 1.48996, 1.25961, 1.42899
"Feb 2032", 1.58917, 1.33557, 0.834785, 1.09526, 1.46316, 1.64083, 1.10445, 1.7493, 1.81047, 1.47141, 1.89473, 1.45731, 1.31946, 1.22686, 1.36895
"Mar 2032", 1.31328, 1.12282, 0.70179, 0.905209, 1.23989, 1.31343, 0.893427, 1.40888, 1.46027, 1.12244, 1.48587, 1.05253, 1.05705, 0.98791, 1.20122
"Apr 2032", 2.2888, 1.22203, 0.741518, 0.90855, 1.64481, 2.76963, 1.71761, 1.5757, 1.48452, 1.35522, 1.62789, 1.01132, 1.78977, 0.924868, 1.04898
"May 2032", 1.72971, 2.41815, 1.61186, 1.05459, 1.40879, 1.76616, 1.31632, 2.06088, 2.02724, 1.58039, 1.67482, 1.61982, 1.22791, 1.24324, 1.34528
"Jun 2032", 3.36283, 3.83601, 1.24683, 2.09889, 2.7386, 2.67438, 1.13314, 2.47037, 2.0728, 1.7519, 1.88696, 2.6965, 2.82183, 1.64857, 1.51421
"Jul 2032", 3.02553, 3.16571, 2.3887, 2.13927, 3.01086, 3.00186, 1.47063, 2.40142, 2.48177, 1.56694, 2.42033, 2.4017, 2.12705, 2.02265, 1.61186
"Aug 2032", 2.66238, 2.71028, 2.97883, 1.73389, 2.77001, 2.79043, 1.45767, 2.25572, 2.32329, 2.02789, 2.18003, 2.16699, 1.92653, 2.18824, 1.82789
"Sep 2032", 2.44323, 2.21332, 3.08418, 1.94482, 2.68529, 2.79632, 1.30589, 2.10249, 2.32681, 2.15046, 2.16798, 2.00648, 2.15245, 2.40508, 1.58691
"Oct 2032", 2.6497, 1.929, 2.94663, 1.56093, 2.09913, 2.47873, 1.53405, 2.25747, 2.16424, 2.35952, 2.19894, 2.17138, 2.57858, 2.03407, 2.32391
"Nov 2032", 1.93355, 1.66444, 2.62011, 1.31181, 2.52593, 2.11014, 1.32321, 1.96371, 1.73056, 2.9831, 1.88663, 1.58088, 1.81437, 1.52713, 1.65759
"Dec 2032", 2.12497, 1.52684, 1.80032, 1.45538, 1.68002, 1.59054, 1.01255, 1.44553, 1.32085, 2.24205, 1.89001, 1.53673, 1.42025, 1.2902, 1.23701
"Jan 2033", 1.51996, 1.23052, 1.41203, 1.01099, 1.79039, 1.44621, 0.911243, 1.38091, 1.1535, 1.5327, 1.37396, 1.15534, 1.27103, 1.12368, 1.13214
"Feb 2033", 1.42709, 1.22172, 1.61212, 0.993593, 2.16559, 1.38689, 0.926592, 1.23815, 1.12693, 1.4281, 1.34357, 1.15068, 1.22385, 1.11842, 1.18762
"Mar 2033", 1.49057, 0.976739, 1.16689, 0.812829, 1.41618, 1.12361, 0.760136, 0.98795, 0.909616, 1.45632, 1.13598, 1.01535, 1.09148, 0.944161, 0.963799
"Apr 2033", 1.4116, 0.934889, 1.2934, 0.85862, 1.32767, 1.72574, 0.917821, 1.27424, 0.945213, 1.63713, 1.05757, 1.33462, 1.2455, 2.70619, 0.922162
"May 2033", 1.58432, 1.54129, 1.70048, 1.03642, 1.4949, 1.44039, 0.920707, 1.96937, 1.1244, 2.10795, 1.45598, 1.98176, 2.96636, 1.5428, 2.69932
"Jun 2033", 2.10402, 1.71216, 2.66233, 1.34664, 2.03207, 1.91861, 1.49448, 2.32772, 1.96989, 4.08024, 1.78406, 2.39226, 2.75412, 1.85169, 3.58532
"Jul 2033", 3.04817, 2.3108, 2.4241, 1.60662, 1.97839, 2.45191, 1.40399, 2.37879, 2.9092, 3.3877, 1.92144, 2.13765, 3.12918, 1.77283, 3.53043
"Aug 2033", 2.18793, 2.2328, 2.5943, 1.97964, 2.24606, 2.48121, 1.51647, 2.26691, 2.97628, 3.83544, 2.14148, 2.52252, 2.92832, 1.64825, 3.0512
"Sep 2033", 2.79468, 3.24464, 2.32012, 1.63825, 2.94389, 3.03035, 1.70935, 2.59234, 2.96902, 3.47947, 3.3235, 2.13199, 2.8777, 1.57438, 3.12853
"Oct 2033", 2.19857, 2.45968, 2.13403, 1.43612, 2.51733, 2.94976, 1.60235, 2.60222, 3.21989, 3.16727, 2.63407, 2.43278, 2.80193, 1.63804, 2.37067
"Nov 2033", 1.69299, 1.99185, 1.65022, 1.12633, 1.8325, 2.44563, 1.46999, 2.00177, 2.47523, 2.71113, 2.98932, 1.7916, 2.74615, 1.45557, 2.14406
"Dec 2033", 1.3874, 1.49324, 1.33551, 1.12524, 1.44758, 2.5198, 1.04366, 1.69257, 2.10636, 1.88372, 1.90215, 1.35104, 1.86183, 1.07684, 1.58274
"Jan 2034", 1.18533, 1.28329, 1.19303, 1.01028, 1.30927, 1.57289, 0.915833, 1.30877, 1.50527, 1.59766, 1.46009, 1.20718, 1.48613, 0.934373, 1.3846
"Feb 2034", 1.18626, 1.22709, 1.36197, 0.903383, 1.27153, 1.55395, 0.93701, 1.27287, 1.48565, 1.62656, 1.51123, 1.16016, 1.44273, 0.917991, 1.36165
"Mar 2034", 0.93959, 1.03596, 1.03531, 0.771018, 1.02169, 1.22262, 0.915578, 1.02529, 1.22238, 1.61245, 1.2455, 1.00289, 1.4581, 0.90549, 1.09434
"Apr 2034", 0.873501, 0.955983, 0.991875, 0.828709, 1.05854, 2.18028, 1.0298, 0.973979, 1.78887, 1.24693, 1.57127, 0.981241, 1.33343, 0.98945, 1.14355
"May 2034", 2.01168, 1.73624, 1.26386, 0.994041, 1.33432, 2.32994, 1.06425, 1.06938, 1.92164, 2.8243, 1.78756, 1.60852, 1.37912, 1.36924, 1.27937
"Jun 2034", 2.20852, 2.92638, 1.5358, 2.46776, 1.52905, 2.29043, 1.09887, 1.42991, 2.37083, 3.35822, 2.03011, 2.63245, 2.33264, 2.2824, 1.97396
"Jul 2034", 3.67935, 3.63926, 1.88326, 1.83078, 1.44791, 2.52181, 1.24342, 2.02588, 4.00592, 3.33995, 2.32233, 2.73448, 2.09539, 3.30664, 2.02751
"Aug 2034", 4.14427, 3.42928, 1.53442, 2.54456, 1.86204, 2.65345, 1.23857, 2.1078, 3.97974, 3.32413, 2.04896, 2.72814, 2.30112, 2.82621, 3.21926
"Sep 2034", 3.54732, 2.84317, 1.55741, 2.08235, 2.61059, 2.05351, 1.95624, 1.97952, 4.05136, 3.13162, 1.93945, 2.51517, 2.15742, 2.87551, 3.13069
"Oct 2034", 2.77179, 2.18499, 1.39527, 2.279, 2.36172, 2.22773, 1.74247, 2.02732, 3.5452, 3.17267, 2.37601, 2.01229, 1.68977, 2.67652, 2.57646
"Nov 2034", 2.35037, 1.96852, 1.47697, 1.70891, 2.56545, 2.53173, 1.37944, 1.72014, 3.23474, 2.41321, 1.97273, 1.62766, 2.11125, 2.29018, 2.61427
"Dec 2034", 1.75594, 1.51161, 1.14896, 1.32241, 1.79584, 2.00869, 1.04756, 1.22431, 2.65024, 1.72122, 1.36249, 1.37186, 1.53407, 2.08441, 1.59169
"Jan 2035", 1.48977, 1.40283, 0.961658, 1.1216, 1.38418, 1.50236, 0.937086, 1.09321, 1.89759, 1.49137, 1.18004, 1.38654, 1.25901, 1.46679, 1.40183
"Feb 2035", 1.46402, 1.34558, 0.908746, 1.11742, 1.45285, 1.47778, 0.949444, 1.04439, 1.81198, 1.47095, 1.19848, 1.24858, 1.35326, 1.40323, 1.40694
"Mar 2035", 1.19513, 1.05726, 0.740168, 0.912384, 1.35914, 1.20406, 0.787595, 0.949519, 1.74813, 1.24397, 1.0023, 0.990221, 1.13983, 1.14983, 1.18502
"Apr 2035", 1.25625, 1.5125, 0.78591, 1.44018, 1.1955, 1.14688, 0.750481, 1.61016, 2.31336, 1.16334, 0.96066, 0.933819, 1.00906, 1.43804, 1.34556
"May 2035", 1.27333, 2.28302, 2.06718, 1.74135, 1.90147, 1.83001, 0.673769, 2.51402, 2.01399, 1.9087, 2.90564, 1.3804, 1.34087, 2.76084, 1.6018
"Jun 2035", 1.88275, 2.31593, 1.44449, 2.52266, 3.25043, 1.52802, 0.648539, 3.90115, 2.70865, 1.47656, 2.17202, 1.21878, 2.36128, 2.61851, 2.34441
"Jul 2035", 3.17968, 2.22738, 3.58245, 2.60955, 2.56487, 1.71677, 0.585283, 3.89372, 2.50432, 1.45745, 2.08722, 1.30293, 1.70245, 2.1981, 2.35892
"Aug 2035", 2.72104, 2.25302, 3.17161, 2.16826, 2.44704, 1.85405, 0.545886, 5.65153, 2.99785, 1.92112, 3.64131, 1.63179, 1.86305, 3.63685, 3.73337
"Sep 2035", 2.49508, 2.74254, 2.82616, 2.5068, 3.17041, 2.40924, 0.525815, 4.90119, 2.90186, 1.87522, 3.07929, 1.67592, 1.92341, 3.01214, 3.88874
"Oct 2035", 2.2677, 2.02067, 2.70331, 2.62457, 2.78295, 2.91613, 0.473284, 4.87423, 2.6803, 1.54555, 2.6127, 1.53283, 2.4973, 2.38743, 4.27075
"Nov 2035", 1.93706, 1.90593, 2.04112, 1.94602, 2.57039, 2.86337, 0.45384, 2.94957, 2.15584, 1.37413, 2.3268, 1.3626, 1.86238, 1.99227, 2.92522
"Dec 2035", 1.69745, 1.4427, 1.94476, 1.46129, 2.07728, 1.87676, 0.407206, 2.52485, 1.83411, 1.55964, 1.69649, 1.00807, 1.41313, 1.53049, 2.17355
"Jan 2036", 1.35005, 1.27173, 1.61046, 1.24491, 1.58823, 1.52477, 0.377552, 1.93779, 1.44671, 1.27836, 1.39028, 0.898947, 1.21236, 1.33927, 1.74548
"Feb 2036", 1.33082, 1.25618, 1.41623, 1.20694, 1.68163, 1.4669, 0.388588, 1.87881, 1.40225, 1.14633, 1.35755, 0.911315, 1.22533, 1.29915, 1.6854
"Mar 2036", 1.07758, 1.02005, 1.15412, 1.05999, 1.30216, 1.27546, 0.327562, 1.75725, 1.12229, 0.902421, 1.14653, 0.812406, 1.14392, 1.16561, 1.64404
"Apr 2036", 1.12545, 1.18223, 1.19341, 0.959644, 1.43542, 1.31895, 0.317039, 1.79174, 1.05755, 1.06931, 1.41741, 1.0193, 1.08318, 1.04527, 2.42067
"May 2036", 1.06653, 1.28629, 1.15698, 2.62161, 2.22174, 1.5306, 0.288683, 2.37315, 1.20357, 1.13663, 1.76717, 1.8234, 1.2311, 1.61294, 1.75153
"Jun 2036", 1.05052, 1.9625, 1.19205, 1.97362, 2.59389, 1.54259, 0.281652, 3.20975, 1.20022, 1.16709, 3.22696, 2.45903, 1.79798, 1.49592, 2.0089
"Jul 2036", 1.3756, 2.89458, 1.60563, 2.39285, 3.14296, 3.51496, 0.25767, 3.59001, 1.38198, 1.45828, 3.84887, 2.12484, 2.38912, 2.82506, 4.05718
"Aug 2036", 3.07133, 2.92757, 2.06198, 3.31375, 2.67627, 2.87692, 0.243669, 3.57833, 1.49033, 1.32778, 4.39634, 2.67467, 3.38432, 2.09147, 3.11985
"Sep 2036", 3.18693, 3.05073, 2.24784, 2.96774, 2.71352, 2.5729, 0.238018, 3.41161, 1.64909, 1.7164, 4.48339, 2.28544, 3.89689, 2.22061, 3.06051
"Oct 2036", 2.36371, 2.5851, 1.73863, 2.36414, 2.63125, 2.74905, 0.217328, 2.82127, 1.25176, 2.19546, 4.34886, 2.22044, 3.8252, 1.96699, 2.78315
"Nov 2036", 1.77992, 2.12668, 1.36247, 1.90963, 2.27753, 2.33341, 0.211445, 2.34019, 1.10238, 2.65049, 3.23843, 1.79924, 2.79888, 1.63402, 2.019
"Dec 2036", 1.64937, 2.08002, 1.37008, 1.74553, 1.54894, 1.72268, 0.19247, 2.04425, 0.959741, 1.89181, 2.63116, 1.63636, 2.34674, 1.42006, 1.73123
"Jan 2037", 1.25044, 1.47056, 1.03092, 1.36668, 1.3399, 1.46252, 0.180994, 1.57873, 0.838356, 1.43224, 1.96421, 1.2785, 1.77685, 1.13449, 1.44007
"Feb 2037", 1.45626, 1.52573, 1.01015, 1.4138, 1.32059, 1.5211, 0.188829, 1.55423, 0.808207, 1.33247, 1.99888, 1.36893, 1.65, 1.11786, 1.38975
"Mar 2037", 1.2419, 1.17644, 0.849392, 1.2001, 1.12924, 1.20723, 0.161232, 1.22156, 0.67545, 1.18374, 1.56583, 1.082, 1.36969, 0.950024, 1.20611
"Apr 2037", 1.32751, 1.41461, 1.14605, 1.15233, 1.30983, 1.12387, 0.157966, 1.31107, 1.18643, 1.22671, 1.803, 1.04234, 1.5907, 0.983895, 1.35835
"May 2037", 2.22512, 1.72219, 1.2284, 1.28402, 1.92778, 2.28343, 0.145492, 1.81422, 1.48315, 1.97491, 2.25723, 1.96735, 2.39477, 1.98368, 2.29453
"Jun 2037", 2.34743, 2.19419, 1.33675, 1.91173, 2.74816, 2.72789, 0.143492, 1.66535, 1.82687, 1.66549, 2.61248, 1.82754, 2.46093, 1.95025, 3.28376
"Jul 2037", 2.03444, 3.547, 1.25555, 1.84075, 3.08716, 3.05117, 0.132647, 1.47776, 2.1239, 2.62727, 2.33604, 2.64166, 2.48126, 1.77028, 2.93778
"Aug 2037", 2.33049, 3.7707, 1.42435, 1.90024, 2.78426, 3.61217, 0.126713, 1.627, 1.74386, 2.84337, 1.97325, 2.8375, 3.48731, 2.0768, 3.67826
"Sep 2037", 2.59277, 3.1296, 1.93666, 1.87406, 2.77097, 3.3457, 0.125002, 1.51568, 1.68856, 2.89008, 2.00255, 3.366, 3.39489, 2.05999, 2.94328
"Oct 2037", 2.03828, 2.47349, 1.93072, 1.79752, 2.24692, 2.79876, 0.11526, 1.35749, 1.79075, 3.40985, 1.89564, 3.2696, 2.36914, 2.03951, 2.88157
"Nov 2037", 1.72385, 2.08539, 1.54026, 1.47368, 2.06852, 2.37149, 0.113239, 1.2755, 1.53999, 2.45478, 1.75667, 2.61365, 2.70504, 1.53973, 2.1348
"Dec 2037", 1.31488, 1.67324, 1.57046, 1.17907, 1.48464, 1.7657, 0.104075, 1.00352, 1.56066, 2.06696, 1.57267, 1.7269, 1.72419, 1.39752, 1.87005
"Jan 2038", 1.15523, 1.40559, 1.08805, 1.03345, 1.35278, 1.61201, 0.0988011, 1.03294, 1.07993, 1.51293, 1.18238, 1.47445, 1.5948, 1.07493, 1.4872
"Feb 2038", 1.12477, 1.43868, 1.06571, 0.983395, 1.27205, 1.68473, 0.104024, 0.921197, 1.03851, 1.46041, 1.14764, 1.42103, 1.50984, 1.06671, 1.76885
"Mar 2038", 1.00671, 1.1492, 0.961808, 0.821872, 1.22837, 1.26772, 0.0895968, 0.836955, 0.840755, 1.17103, 0.950519, 1.25485, 1.26963, 0.852183, 1.26298
"Apr 2038", 0.929085, 1.31212, 0.976158, 1.10675, 1.69667, 1.27984, 0.0885101, 1.19948, 1.05604, 1.44272, 0.94511, 1.86019, 1.31442, 1.01574, 1.46372
"May 2038", 0.92558, 2.36158, 1.65212, 1.06436, 1.52425, 2.05252, 0.0821569, 1.75139, 2.70794, 1.16323, 1.65566, 1.48758, 3.32008, 2.21022, 2.44315
"Jun 2038", 0.972311, 2.03349, 1.75445, 1.20158, 1.77437, 2.53741, 0.081623, 1.29561, 2.96606, 1.88402, 1.35831, 2.47951, 2.92679, 1.79374, 2.74964
"Jul 2038", 1.29098, 1.81079, 2.00714, 1.3797, 2.00232, 2.42993, 0.0759877, 2.20664, 2.52864, 2.08793, 1.14934, 2.90306, 3.07087, 1.86309, 4.35534
"Aug 2038", 2.73042, 2.33203, 1.76732, 1.90394, 2.74222, 2.83584, 0.0730876, 2.1939, 2.51363, 2.23877, 1.42947, 2.36236, 2.52488, 2.36795, 3.74459
"Sep 2038", 2.60521, 3.58671, 1.91663, 1.39407, 3.74039, 2.60949, 0.0725874, 3.16728, 2.17371, 1.90464, 1.67971, 2.23775, 2.57477, 2.99305, 3.29463
"Oct 2038", 2.27213, 2.9663, 1.71018, 1.49976, 3.50254, 2.1278, 0.0673819, 2.70999, 2.12623, 1.84342, 1.31776, 2.13528, 2.15047, 2.42565, 3.11757
"Nov 2038", 2.32811, 2.5901, 1.61537, 1.28285, 3.24335, 1.68048, 0.0666498, 2.31828, 2.13213, 1.76219, 1.12709, 1.60664, 1.83422, 1.90608, 2.4434
"Dec 2038", 1.51767, 1.7451, 1.12089, 1.0079, 2.17675, 1.62788, 0.061671, 1.61281, 1.50464, 1.22835, 0.919135, 1.51032, 1.42374, 1.3868, 2.57182
"Jan 2039", 1.21275, 1.51544, 0.979427, 0.898811, 1.64613, 1.27113, 0.0589395, 1.49189, 1.31128, 1.07817, 0.818614, 1.18753, 1.26084, 1.20998, 1.70925
"Feb 2039", 1.17864, 1.48165, 1.00964, 0.897795, 1.57878, 1.21228, 0.0624586, 1.32349, 1.26626, 1.05879, 0.875797, 1.14691, 1.31824, 1.3148, 1.65957
"Mar 2039", 0.950928, 1.20716, 0.800189, 0.735683, 1.26917, 1.22049, 0.0541294, 1.28818, 1.26601, 1.03032, 0.873372, 1.05024, 1.04868, 0.980921, 1.31805
"Apr 2039", 0.918413, 1.46161, 0.799925, 0.865836, 1.18216, 1.01101, 0.0537875, 1.09397, 1.04417, 0.987713, 1.10292, 1.02196, 1.0239, 2.36409, 1.29978
"May 2039", 1.82094, 1.49017, 1.04306, 1.47231, 1.45991, 1.26874, 0.0502014, 1.6929, 1.85557, 1.23077, 1.16706, 2.0619, 1.2064, 1.57117, 1.48422
"Jun 2039", 2.03044, 1.9551, 1.57848, 1.90006, 1.90134, 1.91541, 0.0501339, 2.03347, 3.32812, 2.45984, 2.21541, 1.7404, 1.42125, 1.61321, 2.34028
"Jul 2039", 1.62784, 2.67288, 1.23364, 2.50385, 1.96302, 2.77774, 0.0469067, 2.32279, 4.06325, 4.0324, 1.92345, 1.84109, 2.2977, 2.63956, 1.91254
"Aug 2039", 1.99116, 3.22183, 1.22697, 2.18323, 3.94605, 2.99576, 0.0453381, 2.52067, 3.55704, 3.1352, 2.09851, 2.53453, 2.45328, 2.89251, 3.28713
"Sep 2039", 1.99903, 2.76883, 1.72457, 2.07183, 3.60768, 2.8345, 0.0452476, 2.36191, 4.88628, 3.93253, 2.30596, 2.57411, 2.87763, 2.89085, 2.88856
"Oct 2039", 1.97939, 2.75944, 1.71323, 1.78707, 2.86506, 2.1824, 0.0422105, 1.72823, 5.28486, 3.20011, 1.96639, 1.95895, 2.18023, 3.04799, 2.31591
"Nov 2039", 1.40751, 2.09412, 1.78443, 1.53576, 2.09414, 1.71936, 0.0419633, 1.61002, 3.00305, 2.63241, 2.20122, 1.52563, 1.60383, 2.13756, 2.0562
"Dec 2039", 1.18875, 1.55377, 1.80324, 1.37412, 1.66312, 1.40113, 0.039027, 1.5178, 2.32685, 2.03143, 1.42603, 1.53924, 1.46825, 1.62936, 1.93257
"Jan 2040", 1.04183, 1.53621, 1.29455, 1.08581, 1.45134, 1.47748, 0.0374889, 1.1843, 1.9636, 1.60109, 1.1886, 1.17159, 1.1684, 1.40897, 1.40577
"Feb 2040", 1.01882, 1.68601, 1.16966, 1.05871, 1.40362, 1.25024, 0.039924, 1.17192, 2.14394, 1.599, 1.17217, 1.27105, 1.17365, 1.43639, 1.36658
"Mar 2040", 0.955241, 1.15566, 0.955886, 0.885144, 1.15975, 1.14311, 0.0347624, 0.962521, 1.5739, 1.32597, 0.942045, 0.977411, 0.933662, 1.10577, 1.13333
"Apr 2040", 0.896123, 1.51619, 1.09239, 0.865778, 1.0805, 1.05852, 0.0346966, 0.971829, 1.70932, 1.36851, 1.21105, 0.955511, 0.993405, 1.2353, 1.12346
"May 2040", 1.04187, 2.65497, 1.54025, 2.44503, 1.16764, 1.22628, 0.0325171, 1.36638, 1.67351, 1.61605, 1.22127, 0.907825, 1.93259, 1.45342, 1.33259
"Jun 2040", 1.53912, 2.3876, 2.03236, 2.52095, 2.58247, 1.84714, 0.0325992, 1.92138, 1.84447, 1.73637, 1.81076, 1.3, 2.32943, 2.5031, 1.75279
"Jul 2040", 1.73764, 2.70797, 2.46964, 3.72999, 3.2082, 1.62853, 0.0306156, 2.30336, 2.38842, 1.84042, 3.05036, 2.75591, 2.1793, 2.36415, 1.6629
"Aug 2040", 1.55827, 2.91572, 3.4271, 3.6478, 3.02914, 2.40395, 0.029702, 2.48282, 2.49954, 1.76082, 3.12144, 2.87216, 2.29147, 2.2802, 2.52361
"Sep 2040", 2.33017, 2.50897, 2.97727, 3.01855, 2.80651, 3.34808, 0.0297535, 2.17473, 2.39265, 1.81736, 3.46472, 2.57436, 2.17243, 2.35644, 2.35034
"Oct 2040", 2.24239, 2.77019, 2.53175, 2.70933, 2.1752, 2.67557, 0.0278637, 1.90031, 2.44877, 1.70431, 2.65194, 2.65078, 1.786, 2.94228, 1.83049
"Nov 2040", 1.70291, 1.9094, 1.84781, 2.04269, 1.98315, 1.9591, 0.0278118, 1.55125, 1.94699, 1.52611, 2.14131, 1.94911, 1.66387, 1.87352, 1.43419
"Dec 2040", 1.29823, 1.74085, 1.50566, 1.65664, 1.56532, 1.50906, 0.0259718, 1.26874, 1.49328, 1.47901, 1.55975, 1.43647, 1.77835, 1.4402, 1.18564
"Jan 2041", 1.13683, 1.361, 1.2819, 1.51715, 1.29811, 1.3122, 0.0250514, 1.06185, 1.28501, 1.10803, 1.36898, 1.23946, 1.20685, 1.39952, 1.0415
"Feb 2041", 1.18561, 1.40075, 1.24948, 1.40811, 1.28488, 1.34108, 0.0267853, 1.03857, 1.22539, 1.26841, 1.3258, 1.21485, 1.18919, 1.24746, 1.0327
"Mar 2041", 0.936727, 1.08213, 1.01565, 1.13608, 1.06993, 1.05254, 0.0234103, 0.840551, 1.17104, 0.950921, 1.12897, 0.983116, 1.00428, 0.99753, 1.00869
"Apr 2041", 0.946254, 1.10542, 1.1186, 1.63641, 1.29411, 1.03115, 0.023449, 0.839065, 1.02017, 2.08969, 1.00734, 0.964994, 1.45763, 0.936927, 0.868478
"May 2041", 2.49127, 1.24885, 2.12282, 1.70369, 1.99022, 1.66283, 0.0220478, 1.02614, 1.68623, 3.42491, 1.84123, 1.05919, 1.30214, 0.921552, 1.4732
"Jun 2041", 1.86703, 1.2261, 2.82246, 1.4938, 2.19188, 2.78233, 0.0221708, 1.67071, 1.47574, 5.76993, 1.82777, 1.63787, 1.81584, 0.977514, 2.1138
"Jul 2041", 2.33774, 1.4244, 2.71117, 1.65013, 3.26599, 2.58062, 0.0208837, 1.51865, 1.67716, 3.54996, 2.64395, 2.29876, 3.21721, 1.49822, 2.69157
"Aug 2041", 2.55855, 1.40731, 2.81496, 2.07338, 3.3855, 2.40183, 0.0203207, 1.45021, 2.17947, 3.37414, 3.26569, 2.84103, 3.28177, 1.50228, 3.10055
"Sep 2041", 2.21141, 1.72727, 2.47284, 1.81388, 3.13443, 2.26117, 0.0204173, 1.46985, 2.22841, 3.49838, 3.38764, 2.35864, 3.1898, 2.15994, 3.6562
"Oct 2041", 2.00464, 1.68064, 1.96262, 1.34637, 2.41859, 2.53486, 0.0191811, 1.53153, 1.83384, 2.90839, 2.29803, 2.40869, 2.53678, 2.12047, 2.89021
"Nov 2041", 1.56744, 2.32779, 1.73479, 1.42371, 1.85371, 1.7957, 0.0192095, 1.39575, 1.99838, 2.4822, 2.38347, 1.86277, 1.78485, 1.73608, 2.51399
"Dec 2041", 1.5101, 1.28323, 1.73277, 1.10503, 2.29916, 1.39572, 0.0180005, 0.998237, 1.32191, 1.7902, 1.98423, 1.34721, 1.46893, 1.20236, 1.66514
"Jan 2042", 1.28415, 1.06212, 1.26758, 0.968336, 1.64713, 1.23197, 0.0174233, 0.870991, 1.12509, 1.62915, 1.76845, 1.35685, 1.47782, 1.09724, 1.44348
"Feb 2042", 1.18346, 1.03306, 1.23113, 0.958474, 1.56546, 1.24656, 0.0186921, 0.842805, 1.09032, 1.53438, 1.53757, 1.24116, 1.33659, 1.19346, 1.41052
"Mar 2042", 1.02957, 1.01507, 1.03982, 0.901117, 1.20319, 1.11646, 0.0163885, 0.82537, 0.929793, 1.25528, 1.43034, 1.00457, 1.05049, 0.885591, 1.20719
"Apr 2042", 0.944458, 1.11152, 0.982728, 0.858105, 1.49905, 1.33975, 0.0164642, 1.19074, 1.07352, 1.38349, 1.23199, 1.09061, 1.37047, 0.90671, 1.27462
"May 2042", 1.75778, 1.22475, 1.09704, 1.00684, 1.21709, 2.3236, 0.0155221, 1.01698, 1.18368, 1.65975, 1.60118, 2.00312, 1.34713, 1.03406, 1.6308
"Jun 2042", 2.10407, 1.18049, 2.10933, 1.42216, 2.14937, 2.04044, 0.0156476, 1.69031, 1.96941, 1.5551, 2.30117, 1.85221, 1.87631, 2.16622, 2.04003
"Jul 2042", 2.23925, 2.22238, 1.38151, 1.96661, 2.18476, 3.08157, 0.0147752, 1.53654, 1.8848, 2.11987, 2.07769, 2.5994, 3.18845, 2.2681, 1.83674
"Aug 2042", 1.71596, 3.06319, 1.91539, 3.03196, 3.11241, 2.65076, 0.0144123, 2.24939, 2.10722, 2.243, 2.72012, 2.85677, 2.89438, 2.49147, 2.16579
"Sep 2042", 1.94088, 2.62695, 1.85463, 2.28895, 2.8731, 3.07063, 0.0145174, 2.1477, 2.79973, 2.08472, 3.3863, 2.75601, 3.11084, 2.68847, 2.45537
"Oct 2042", 1.6324, 2.55081, 1.57571, 2.61662, 2.82313, 3.3566, 0.0136753, 1.94223, 2.35749, 1.62017, 3.38898, 2.39397, 3.09777, 2.47039, 2.29005
"Nov 2042", 1.34933, 1.77015, 1.2793, 2.08439, 2.91654, 2.43373, 0.013735, 1.368, 2.44973, 1.39514, 2.4814, 1.74599, 2.23139, 1.97525, 1.72134
"Dec 2042", 1.09029, 1.3701, 1.06736, 1.93725, 2.59331, 2.14142, 0.0129092, 1.17196, 1.48712, 1.29601, 1.72721, 1.38618, 1.59869, 1.38608, 1.48013
"Jan 2043", 0.975167, 1.22832, 0.944085, 1.37812, 1.72307, 1.5433, 0.0125334, 0.981653, 1.3053, 1.04408, 1.52545, 1.25871, 1.46122, 1.19919, 1.2058
"Feb 2043", 0.947769, 1.18142, 0.925866, 1.31074, 1.60775, 1.48894, 0.0134855, 1.02557, 1.28104, 1.03048, 1.48456, 1.19316, 1.36697, 1.234, 1.17798
"Mar 2043", 0.773499, 0.99057, 0.751868, 1.0591, 1.32398, 1.23723, 0.0118559, 0.792668, 1.09223, 0.972228, 1.21107, 0.966767, 1.41221, 0.981095, 0.947965
"Apr 2043", 0.722771, 1.35387, 0.935705, 1.07314, 1.54173, 1.51303, 0.011941, 1.03715, 1.36705, 0.898226, 1.44035, 0.897301, 1.18629, 1.14946, 0.944143
"May 2043", 1.33405, 1.09696, 1.94939, 1.01408, 1.61471, 2.94652, 0.0112835, 1.08461, 1.40167, 1.91695, 2.37295, 1.14556, 1.07216, 2.67202, 2.53494
"Jun 2043", 1.17747, 3.07294, 2.27263, 1.56655, 1.56759, 3.90677, 0.0113987, 2.2314, 2.57805, 2.93637, 2.83908, 1.79358, 1.79759, 3.18921, 1.86435
"Jul 2043", 1.53811, 2.80773, 2.49103, 2.12656, 2.83148, 2.82286, 0.0107857, 2.83533, 3.07837, 2.74074, 3.37843, 1.61421, 1.71069, 2.77208, 2.56321
"Aug 2043", 2.87197, 2.86128, 2.41035, 3.122, 3.66402, 3.0972, 0.0105429, 2.58526, 3.0178, 3.15814, 4.18211, 2.18004, 2.24756, 2.71735, 1.81244
"Sep 2043", 2.58649, 2.10878, 2.23058, 2.66235, 3.56043, 3.46351, 0.010643, 2.7818, 3.77374, 3.90815, 3.43579, 2.13949, 2.04543, 2.50138, 1.81049
"Oct 2043", 2.10912, 2.56995, 1.88216, 2.55117, 3.52561, 3.46234, 0.0100492, 2.55272, 2.68736, 2.86242, 3.11763, 2.03942, 2.38717, 2.37718, 1.59814
"Nov 2043", 1.79156, 1.8606, 1.97988, 2.05643, 2.66572, 2.68995, 0.0101189, 2.1315, 2.03318, 2.04172, 2.31322, 1.67735, 1.80196, 1.74492, 1.6208
"Dec 2043", 1.29609, 1.58118, 1.32575, 1.43471, 1.88657, 1.98944, 0.00953571, 1.48615, 1.58477, 1.60507, 2.18721, 1.26878, 1.30226, 1.56695, 1.2221
"Jan 2044", 1.13522, 1.30273, 1.13675, 1.31053, 1.64858, 1.68082, 0.00928324, 1.31407, 1.62128, 1.41615, 1.62758, 1.08911, 1.14464, 1.28377, 1.02039
"Feb 2044", 1.11142, 1.28873, 1.10881, 1.44257, 1.56504, 1.63631, 0.0100145, 1.2499, 1.41972, 1.37212, 1.61399, 1.06349, 1.11905, 1.51726, 1.00057
"Mar 2044", 0.903761, 1.0889, 0.894736, 1.04538, 1.25474, 1.34818, 0.00882547, 1.00613, 1.34434, 1.10091, 1.36668, 0.864909, 1.17783, 1.10269, 0.857623
"Apr 2044", 0.864157, 1.02761, 1.02573, 1.20123, 1.2105, 1.42183, 0.00890866, 1.45712, 1.64815, 1.09708, 1.23228, 0.840519, 1.09585, 1.73712, 1.43118
"May 2044", 1.25383, 2.09428, 1.57719, 1.52375, 1.5745, 1.5422, 0.00843497, 2.19476, 1.51943, 1.27976, 1.55813, 1.14959, 1.25577, 2.93796, 1.29163
"Jun 2044", 1.81943, 2.05101, 1.91625, 1.87909, 2.61507, 2.20607, 0.00853678, 2.87043, 1.80314, 3.45773, 1.31534, 1.03977, 1.08819, 3.98694, 2.49931
"Jul 2044", 2.34684, 3.88248, 1.86022, 2.2496, 2.56642, 3.92464, 0.00809227, 2.92992, 1.86936, 6.13194, 1.52402, 1.04749, 1.66059, 4.40375, 2.16966
"Aug 2044", 2.20552, 3.77768, 2.41727, 3.6654, 2.73363, 3.1282, 0.00792473, 3.04194, 2.61992, 4.33592, 3.22755, 1.6082, 2.05613, 3.86272, 2.24852
"Sep 2044", 2.20995, 2.69919, 2.37161, 3.29621, 2.68997, 2.84521, 0.00801532, 3.33039, 2.88399, 3.53586, 3.46654, 1.64109, 2.19539, 4.34107, 2.26126
"Oct 2044", 2.32972, 2.35528, 2.01542, 2.85361, 2.00039, 2.91849, 0.00758405, 3.09189, 2.6012, 3.01886, 2.88371, 1.48943, 2.22681, 3.35914, 2.10242
"Nov 2044", 1.59118, 2.15859, 1.66896, 2.05866, 1.91354, 2.43403, 0.00765398, 2.33425, 1.86001, 2.43584, 2.08649, 1.16735, 1.75768, 2.89721, 1.70695
"Dec 2044", 1.25015, 1.67766, 1.33753, 1.70931, 1.38468, 1.81218, 0.00723011, 1.66309, 1.48236, 2.3765, 1.65393, 1.32295, 1.79061, 2.06453, 1.71321
"Jan 2045", 1.2617, 1.42077, 1.14074, 1.58208, 1.20904, 1.53413, 0.00705585, 1.47925, 1.28379, 1.78146, 1.38247, 0.923303, 1.37215, 1.7769, 1.40265
"Feb 2045", 1.11163, 1.36067, 1.11335, 1.44718, 1.23306, 1.46855, 0.00762936, 1.4324, 1.2484, 1.7955, 1.34488, 0.898836, 1.23765, 1.68342, 1.27322
"Mar 2045", 0.906042, 1.0949, 0.921505, 1.15526, 1.01606, 1.20587, 0.006738, 1.14191, 1.00608, 1.38887, 1.24044, 0.728886, 1.10361, 1.339, 0.988624
"Apr 2045", 1.11767, 1.05568, 1.2302, 1.13542, 1.73439, 1.69083, 0.00681505, 1.19209, 1.11945, 1.41141, 2.03057, 0.970556, 1.41802, 1.36511, 0.939809
"May 2045", 1.59023, 1.12483, 1.11926, 1.17903, 1.39784, 1.84934, 0.0064641, 1.53036, 1.91047, 2.49654, 1.81143, 2.29827, 1.14669, 1.30598, 0.905291
"Jun 2045", 2.1756, 1.88614, 1.86248, 1.96179, 2.5088, 1.7711, 0.00655271, 2.19128, 1.91382, 2.00047, 1.74504, 1.60873, 2.00708, 1.21769, 2.49293
"Jul 2045", 2.04684, 1.94702, 1.99412, 2.65409, 2.11247, 2.83757, 0.00622147, 2.51283, 2.54459, 3.62539, 1.47608, 2.04529, 2.86958, 1.68031, 2.32624
"Aug 2045", 2.75532, 2.04581, 2.19374, 2.36034, 2.85646, 3.35365, 0.00610268, 2.42528, 2.62356, 3.66474, 2.43152, 2.26208, 2.9187, 2.7284, 3.24191
"Sep 2045", 2.79975, 2.1521, 1.76609, 2.74899, 2.41367, 5.01546, 0.00618304, 2.45597, 2.45399, 3.6213, 2.61362, 2.19316, 3.05502, 2.46451, 3.41258
"Oct 2045", 2.69098, 1.9384, 1.57569, 2.68871, 2.3941, 3.89365, 0.00586138, 1.99271, 2.21651, 3.57506, 1.9004, 2.13713, 3.03777, 2.38712, 2.51923
"Nov 2045", 1.9597, 1.81809, 1.23671, 2.80048, 1.99767, 2.77192, 0.00592759, 1.8283, 1.79395, 2.92733, 1.71825, 1.60506, 2.43661, 2.0259, 2.06631
"Dec 2045", 1.8256, 1.39393, 1.17899, 2.13598, 2.0767, 2.05675, 0.00561137, 1.33641, 1.76478, 1.91754, 1.29793, 1.2259, 1.68577, 1.39979, 1.81937
"Jan 2046", 1.33781, 1.11865, 0.936414, 1.77623, 1.35538, 1.7059, 0.00548817, 1.16179, 1.34629, 1.6465, 1.14284, 1.07835, 1.57482, 1.23116, 1.3849
"Feb 2046", 1.37402, 1.08854, 0.920458, 1.55616, 1.31758, 1.65396, 0.00594671, 1.13022, 1.24346, 1.58706, 1.13573, 1.06497, 1.72542, 1.20095, 1.36948
"Mar 2046", 1.05889, 0.92038, 0.75492, 1.24706, 1.10634, 1.38717, 0.00526211, 0.981718, 1.00261, 1.35377, 0.927466, 0.86178, 1.23904, 1.02806, 1.11529
"Apr 2046", 1.67923, 1.04001, 0.725254, 1.31202, 1.12403, 1.30401, 0.00533178, 0.954689, 1.22419, 1.5739, 1.96291, 1.0128, 1.2457, 0.993196, 1.22935
"May 2046", 1.47503, 1.13746, 0.82784, 1.21655, 1.62585, 2.11799, 0.00506522, 1.03281, 1.11891, 2.48069, 2.95427, 1.80143, 1.38934, 1.08449, 1.39571
"Jun 2046", 1.49908, 1.20529, 1.57152, 2.4182, 1.53047, 2.21864, 0.00514209, 1.77111, 1.19065, 2.37927, 3.48476, 2.52762, 2.84964, 1.60153, 1.87806
"Jul 2046", 3.03331, 2.27326, 1.24635, 2.10777, 3.06285, 2.51412, 0.00488918, 2.65587, 1.25246, 3.30816, 4.27339, 2.53601, 2.53317, 1.48318, 2.55036
"Aug 2046", 2.43689, 2.03848, 1.51381, 2.16225, 2.84047, 2.44262, 0.00480287, 2.8589, 1.93127, 3.47134, 5.46778, 2.53618, 4.17757, 1.81459, 2.28551
"Sep 2046", 2.60662, 1.86523, 1.51729, 2.09073, 3.15046, 3.09502, 0.00487363, 3.1476, 1.82673, 3.26233, 4.69033, 2.93765, 4.02811, 1.69496, 2.85929
"Oct 2046", 2.34829, 1.5651, 1.27536, 1.83018, 2.49536, 3.39636, 0.00462793, 3.03194, 1.74039, 2.44559, 4.61073, 2.18951, 2.74726, 1.96356, 2.28761
"Nov 2046", 2.05198, 1.89612, 1.14337, 1.5028, 1.9052, 2.60499, 0.00468888, 2.3398, 1.441, 2.89399, 3.30059, 1.86785, 2.57239, 1.88088, 2.01543
"Dec 2046", 1.42487, 1.25802, 0.886399, 1.17854, 1.72022, 1.8074, 0.00444737, 2.33524, 1.37528, 1.74352, 2.35926, 1.56781, 1.87467, 1.24123, 1.46978
"Jan 2047", 1.24227, 1.04528, 0.842651, 1.04596, 1.33425, 1.56105, 0.00435836, 1.57028, 1.21426, 1.49629, 2.27384, 1.25196, 1.80963, 1.03643, 1.23931
"Feb 2047", 1.20662, 1.02132, 0.89612, 1.02149, 1.31478, 1.54402, 0.00473144, 1.55887, 1.0855, 1.44448, 2.11339, 1.40174, 1.58759, 1.01005, 1.20802
"Mar 2047", 1.12991, 0.830547, 0.665018, 0.870592, 1.04593, 1.21805, 0.00419402, 1.24922, 0.866956, 1.24982, 1.59985, 1.0598, 1.26876, 0.927062, 0.979501
"Apr 2047", 1.06702, 0.802386, 0.738785, 0.843075, 1.04919, 1.296, 0.00425637, 1.39962, 1.57179, 1.47959, 1.99991, 1.11144, 1.52959, 0.859739, 1.15966
"May 2047", 1.97105, 1.0647, 1.88408, 1.24871, 2.03752, 2.24261, 0.00404934, 2.89182, 1.27982, 1.80072, 1.60339, 1.37415, 2.18662, 0.958607, 1.43785
"Jun 2047", 3.48652, 2.42447, 3.57134, 1.85877, 1.68888, 2.38795, 0.00411615, 2.82407, 2.54481, 3.06476, 2.61837, 1.25676, 2.95806, 1.95701, 1.32669
"Jul 2047", 2.83216, 2.62951, 2.07913, 1.5213, 1.66824, 2.81835, 0.00391877, 2.5495, 2.94394, 3.62235, 2.32753, 1.63088, 3.63986, 1.81563, 2.50678
"Aug 2047", 2.73545, 1.88007, 3.46313, 1.47478, 2.76316, 3.06834, 0.00385471, 3.04901, 4.44487, 3.56912, 2.11309, 1.7294, 3.41189, 2.57487, 2.06592
"Sep 2047", 2.91921, 2.41, 2.60794, 1.4089, 2.82098, 3.07217, 0.00391695, 2.68888, 4.84475, 3.34566, 2.23298, 1.5696, 3.14278, 3.11238, 2.08694
"Oct 2047", 2.56821, 2.77654, 2.19634, 1.14408, 2.95576, 3.03028, 0.00372518, 2.60263, 4.1493, 2.80786, 2.80316, 1.71467, 2.35666, 2.40104, 2.56657
"Nov 2047", 1.98924, 2.60402, 1.752, 1.07125, 2.27835, 2.50555, 0.00378056, 2.16728, 2.98599, 2.36316, 1.91993, 2.115, 1.90689, 1.9591, 1.86956
"Dec 2047", 1.94653, 2.03967, 1.4129, 0.89112, 2.5276, 2.00784, 0.0035921, 1.62049, 2.83907, 2.8407, 1.45807, 1.42018, 2.22668, 1.47216, 1.81993
"Jan 2048", 1.4087, 1.39261, 1.39933, 0.807639, 1.55598, 1.56307, 0.00352648, 1.35636, 1.88927, 1.72544, 1.30097, 1.13969, 1.49516, 1.26208, 1.26122
"Feb 2048", 1.41797, 1.35054, 1.25812, 0.813901, 1.50889, 1.52348, 0.00383487, 1.31662, 2.13266, 1.65636, 1.25875, 1.13501, 1.44435, 1.20738, 1.22158
"Mar 2048", 1.11754, 1.14772, 1.01335, 0.866553, 1.2017, 1.22522, 0.0034046, 1.1037, 1.89065, 1.34056, 1.08329, 0.950503, 1.18155, 1.24995, 1.10108
"Apr 2048", 1.78158, 1.03033, 1.33215, 1.1585, 1.15086, 1.16398, 0.0034602, 1.08572, 1.58167, 1.52762, 1.30173, 0.943446, 1.08937, 1.18348, 1.01786
"May 2048", 1.93106, 1.24131, 1.12341, 2.13738, 1.27424, 2.72325, 0.00329613, 1.46784, 1.87033, 2.81918, 2.46326, 1.10465, 1.07841, 1.254, 1.24459
"Jun 2048", 1.74892, 1.09264, 1.1091, 1.54149, 2.3616, 2.65148, 0.00335446, 1.16016, 2.39015, 4.5545, 1.97436, 1.74609, 1.65427, 1.33688, 1.0604
"Jul 2048", 2.11329, 2.82491, 2.68336, 1.83757, 3.19593, 3.23387, 0.00319735, 1.07192, 2.52149, 5.2997, 2.06341, 2.16361, 4.50614, 1.41385, 1.77735
"Aug 2048", 2.11848, 2.1569, 2.03813, 1.74669, 3.13624, 3.59136, 0.00314885, 1.59302, 2.64375, 4.75359, 2.04267, 2.76394, 2.94295, 3.39905, 1.80113
"Sep 2048", 2.05353, 2.86349, 2.20683, 1.54027, 2.98185, 3.55072, 0.00320374, 1.71274, 2.55614, 4.40788, 2.03659, 3.05173, 2.72959, 2.55133, 2.41431
"Oct 2048", 2.68867, 2.06969, 1.93813, 1.59547, 2.21313, 3.20008, 0.00305109, 1.69338, 2.03372, 3.70083, 2.21703, 2.34586, 2.22011, 3.00678, 2.39064
"Nov 2048", 1.63464, 1.54263, 1.43398, 1.28342, 2.56747, 2.29459, 0.0031011, 2.19572, 1.84271, 3.25328, 1.88773, 1.89181, 1.78989, 2.23945, 2.30917
"Dec 2048", 1.39021, 1.51335, 1.4468, 1.06407, 1.75807, 1.77092, 0.00295113, 1.44431, 1.45176, 2.24598, 1.53019, 1.43485, 1.43336, 1.76069, 1.55264
"Jan 2049", 1.17419, 1.17693, 1.08814, 0.903724, 1.48022, 1.5568, 0.00290186, 1.13017, 1.25427, 1.89791, 1.1743, 1.2484, 1.25207, 1.39036, 1.28519
"Feb 2049", 1.14868, 1.14212, 1.07816, 0.889428, 1.49512, 1.5269, 0.00316042, 1.09904, 1.21903, 1.84114, 1.15188, 1.29076, 1.2191, 1.34331, 1.27724
"Mar 2049", 1.25285, 0.981569, 0.906126, 0.861609, 1.24376, 1.2293, 0.00280976, 0.940033, 1.0368, 1.6079, 1.03509, 1.06391, 1.03723, 1.07931, 1.08245
"Apr 2049", 0.996441, 1.7942, 1.28323, 0.810269, 1.26329, 1.57583, 0.00285935, 1.03198, 1.06404, 1.7795, 1.01914, 1.03549, 1.25811, 1.06609, 1.10659
"May 2049", 1.32235, 1.21604, 2.87832, 0.848484, 1.26069, 1.53505, 0.00272692, 1.81263, 1.20755, 1.62544, 1.03129, 1.19487, 1.2173, 2.21748, 2.0628
"Jun 2049", 1.35092, 2.88437, 1.79219, 1.25987, 1.72919, 2.65166, 0.00277814, 3.01106, 1.87781, 2.96701, 2.14626, 1.16964, 2.2939, 1.56246, 1.65728
"Jul 2049", 1.4035, 2.32231, 2.3654, 1.75531, 2.09207, 3.68944, 0.00265082, 2.92585, 2.63531, 3.27617, 1.72254, 2.26665, 3.21361, 2.16763, 1.96145
"Aug 2049", 2.04147, 2.52365, 2.78236, 1.66267, 3.33914, 2.8832, 0.00261346, 3.04724, 3.06775, 2.80501, 1.75848, 2.44921, 2.95237, 1.8193, 2.42602
"Sep 2049", 2.14952, 2.77749, 2.58536, 1.97379, 3.49335, 2.88962, 0.00266203, 2.83833, 2.75167, 3.9035, 2.38979, 2.18241, 3.51073, 2.47619, 2.17645
"Oct 2049", 1.65123, 2.01674, 2.25903, 1.61725, 2.98172, 2.60624, 0.00253834, 2.15739, 2.00076, 3.12625, 2.94746, 1.6967, 2.56226, 2.32634, 2.06621
"Nov 2049", 1.28603, 1.81559, 1.71166, 1.81772, 2.81425, 2.23956, 0.00258342, 1.8342, 1.8838, 2.81275, 2.0067, 1.38995, 2.09505, 1.8909, 2.61917
"Dec 2049", 1.36953, 2.25437, 1.36211, 1.2752, 2.29984, 1.56691, 0.00246193, 1.44822, 1.48206, 1.93133, 1.42091, 1.16196, 1.59266, 1.37425, 1.52096
"Jan 2050", 1.01636, 1.62426, 1.20674, 1.17787, 1.69389, 1.55937, 0.00242427, 1.23486, 1.27031, 1.70974, 1.25321, 1.10307, 1.3645, 1.21656, 1.28897
"Feb 2050", 0.994811, 1.45567, 1.40905, 1.08166, 1.66762, 1.37038, 0.00264386, 1.26789, 1.56807, 1.62543, 1.23154, 1.02634, 1.49528, 1.24666, 1.25761
"Mar 2050", 0.843156, 1.23341, 1.26657, 0.840331, 1.59768, 1.22131, 0.00235346, 1.07344, 1.0534, 1.29965, 1.02996, 1.06839, 1.45459, 1.05276, 1.01274
"Apr 2050", 1.01148, 1.39116, 1.244, 0.996355, 1.35694, 2.11991, 0.00239777, 2.06046, 1.75814, 1.26748, 1.0283, 0.99136, 1.15084, 1.02435, 1.11097
"May 2050", 2.28644, 1.58456, 1.7706, 1.05052, 2.63657, 2.09659, 0.00228911, 1.70066, 1.54593, 1.77509, 1.2151, 1.74492, 2.91542, 1.14248, 0.987402
"Jun 2050", 2.60304, 2.19959, 2.83432, 1.40293, 3.17057, 2.97412, 0.00233435, 1.39472, 1.53427, 3.61484, 1.19521, 1.50615, 2.62346, 2.31604, 1.46961
"Jul 2050", 2.20581, 2.2427, 2.13423, 1.60929, 2.18112, 2.78529, 0.00222952, 1.70701, 1.82505, 5.4159, 2.29327, 1.36133, 2.88207, 1.97132, 1.68691
"Aug 2050", 2.29872, 3.45166, 1.93987, 2.11633, 2.36569, 2.55615, 0.00220024, 1.85791, 2.13115, 4.90778, 2.17106, 1.84386, 3.58845, 2.76142, 2.07629
"Sep 2050", 1.96138, 3.64615, 1.84172, 2.09588, 1.9604, 2.81893, 0.00224343, 1.9265, 2.08144, 5.59161, 2.32303, 1.91626, 3.50393, 2.44283, 2.24274
"Oct 2050", 1.80867, 2.58331, 1.67084, 2.28792, 2.47995, 2.35, 0.00214157, 1.85149, 1.62098, 4.00398, 1.86468, 1.52395, 3.18871, 2.41003, 1.96924
"Nov 2050", 1.60311, 2.21088, 1.35634, 1.53178, 2.13616, 2.72718, 0.00218221, 1.38792, 1.39701, 2.9628, 1.89876, 1.34887, 2.47383, 2.1585, 1.96996
"Dec 2050", 1.1898, 1.86265, 1.12681, 1.19554, 1.58903, 2.22671, 0.00208218, 1.12934, 1.64295, 2.19406, 1.34281, 1.04249, 1.84808, 1.85572, 1.93144
"Jan 2051", 1.04091, 1.48839, 0.981823, 1.23182, 1.35566, 1.62078, 0.00205292, 1.00113, 1.34511, 2.25559, 1.2392, 0.985912, 1.54903, 1.34606, 1.31931
"Feb 2051", 1.04994, 1.46923, 0.992073, 1.08365, 1.33857, 1.59402, 0.00224157, 0.989122, 1.2246, 2.2705, 1.14308, 1.0651, 1.51138, 1.3069, 1.29062
"Mar 2051", 0.833773, 1.19318, 0.825528, 0.943073, 1.08262, 1.71911, 0.00199759, 0.821624, 1.14862, 1.73042, 0.930765, 0.846113, 1.34897, 1.04847, 1.05489
"Apr 2051", 1.48466, 1.18115, 1.01083, 1.22057, 1.93473, 1.70018, 0.00203731, 0.868157, 0.936765, 1.49862, 1.10009, 0.987184, 1.25412, 1.07909, 1.10896
"May 2051", 2.7084, 2.07787, 2.31782, 1.40797, 1.89676, 1.98327, 0.00194681, 1.11011, 0.968026, 1.96168, 1.15613, 2.30278, 1.39081, 2.64059, 2.20724
"Jun 2051", 2.29438, 1.70601, 1.91228, 1.41183, 2.07607, 1.75712, 0.00198702, 1.41899, 0.93433, 2.08991, 1.91129, 2.63935, 2.18895, 2.27986, 1.92322
"Jul 2051", 2.11729, 1.36378, 2.38884, 2.87505, 2.33885, 2.39018, 0.00189943, 1.51393, 1.20966, 2.96302, 4.19442, 2.7029, 2.65003, 3.23872, 2.05005
"Aug 2051", 2.76459, 1.27126, 1.89917, 3.19659, 2.58772, 2.87868, 0.00187615, 2.04984, 1.46668, 3.07047, 5.703, 2.25617, 3.39544, 3.78488, 2.12015
"Sep 2051", 2.04421, 2.0184, 1.70731, 3.14515, 2.59736, 2.877, 0.00191474, 1.93357, 1.34794, 2.84816, 5.07621, 1.89384, 3.35351, 3.74888, 3.11443
"Oct 2051", 2.11949, 2.63652, 1.42673, 2.97015, 2.74011, 2.40644, 0.00182962, 1.63734, 1.18027, 2.55089, 3.84011, 1.56578, 3.07569, 3.06503, 3.27569
"Nov 2051", 1.80839, 2.90847, 1.23815, 1.97584, 2.20033, 1.91891, 0.00186632, 1.32379, 0.970021, 2.22746, 4.43243, 1.49008, 2.00689, 3.02881, 2.13833
"Dec 2051", 1.48981, 2.05392, 1.03728, 2.09426, 1.67939, 1.7752, 0.00178274, 1.20038, 0.839423, 1.57571, 2.49411, 1.74417, 2.02253, 1.90341, 1.90902
"Jan 2052", 1.19066, 1.44034, 0.952123, 1.55257, 1.3602, 1.3748, 0.00175964, 0.972693, 0.76086, 1.37009, 2.04922, 1.144, 1.47481, 1.62252, 1.43912
"Feb 2052", 1.15677, 1.39304, 1.17709, 1.48263, 1.31298, 1.36766, 0.0019234, 0.935332, 0.726372, 1.32818, 1.99113, 1.16702, 1.43811, 1.56279, 1.38413
"Mar 2052", 0.936522, 1.12098, 0.868185, 1.18152, 1.29654, 1.09622, 0.00171575, 0.905477, 0.710504, 1.13256, 1.63554, 0.909984, 1.16233, 1.25961, 1.11659
"Apr 2052", 0.917454, 1.23623, 0.819292, 1.43011, 1.51534, 1.65119, 0.00175149, 0.885641, 0.633148, 1.26253, 1.97985, 0.903611, 1.15281, 1.16836, 1.6499
"May 2052", 2.06136, 1.14508, 0.816105, 1.61934, 1.46877, 2.69568, 0.00167509, 1.04087, 0.696848, 2.33615, 2.2264, 0.949708, 1.2421, 1.2293, 1.32313
"Jun 2052", 2.72232, 2.01798, 0.821151, 1.40797, 2.49948, 2.41201, 0.00171104, 1.64921, 1.05841, 1.6075, 1.99113, 1.9822, 1.17913, 1.14091, 2.14765
"Jul 2052", 2.75277, 1.99816, 0.943149, 1.40922, 3.00728, 3.00278, 0.00163689, 2.30906, 1.38453, 3.02304, 2.70102, 2.11803, 1.22693, 2.57323, 2.26846
"Aug 2052", 2.02897, 2.72436, 1.15696, 1.36878, 3.2905, 2.74347, 0.00161812, 1.9875, 1.43052, 2.69521, 2.54058, 2.73754, 1.63589, 1.86455, 2.82182
"Sep 2052", 2.65303, 2.74744, 1.20971, 1.48066, 2.70302, 2.22248, 0.00165276, 1.84297, 1.32613, 2.64351, 2.64099, 2.33202, 1.70773, 2.43801, 2.8354
"Oct 2052", 1.92948, 2.66816, 1.5873, 1.4656, 2.59274, 2.24942, 0.00158069, 1.95514, 1.07993, 2.61411, 3.08998, 1.90014, 1.91694, 2.64211, 2.42172
"Nov 2052", 1.48002, 2.17083, 1.24329, 1.12649, 2.7686, 1.9962, 0.00161392, 2.02938, 1.12227, 2.23009, 2.3814, 1.8159, 2.4816, 2.63088, 2.27675
"Dec 2052", 1.23627, 1.56402, 1.04171, 0.972118, 1.68019, 1.48428, 0.00154315, 1.26722, 0.866193, 1.7062, 1.6283, 2.06765, 1.30814, 1.49663, 1.54141
"Jan 2053", 1.10172, 1.32803, 0.984675, 0.836445, 1.45358, 1.26697, 0.00152465, 1.11322, 0.781491, 1.40127, 1.42204, 1.26281, 1.1269, 1.29655, 1.31842
"Feb 2053", 1.22355, 1.29616, 0.913012, 0.823504, 1.40185, 1.2335, 0.00166811, 1.08059, 0.740075, 1.32992, 1.37317, 1.22007, 1.11414, 1.3152, 1.28175
"Mar 2053", 0.942987, 1.07782, 0.740792, 0.68018, 1.17731, 0.992706, 0.00148933, 1.02851, 0.599898, 1.06741, 1.09998, 0.992442, 0.900121, 1.0795, 1.04774
"Apr 2053", 1.06781, 1.07722, 0.764503, 0.852528, 2.25912, 0.968105, 0.00152161, 0.877616, 0.73067, 1.59977, 1.85491, 1.23388, 0.839854, 0.990615, 1.02083
"May 2053", 1.33817, 1.22471, 0.68893, 1.22271, 3.13357, 1.18556, 0.00145634, 0.992468, 1.90803, 3.25644, 1.63874, 1.42422, 2.2018, 2.07224, 1.15566
"Jun 2053", 3.14248, 1.14668, 1.21817, 2.4434, 2.3063, 1.64113, 0.00148865, 1.08431, 2.62775, 3.06482, 3.2473, 1.94945, 1.48528, 2.25236, 1.41037
"Jul 2053", 3.50261, 1.37697, 1.21646, 2.03171, 2.50066, 3.95216, 0.00142515, 1.13816, 4.37548, 3.7146, 6.14312, 1.86005, 1.3165, 2.70281, 1.74059
"Aug 2053", 3.14665, 1.42801, 1.5118, 3.53252, 2.55135, 2.73148, 0.00140982, 1.52191, 4.49796, 6.0988, 4.08243, 2.17109, 1.29556, 2.84154, 2.17988
"Sep 2053", 3.00015, 1.88528, 1.35522, 3.51745, 2.25644, 2.50836, 0.00144107, 1.54675, 4.95218, 4.27195, 3.70564, 2.03736, 1.08897, 2.6579, 2.03813
"Oct 2053", 2.94196, 2.48082, 1.29364, 3.47047, 2.08069, 2.24208, 0.00137932, 1.7343, 3.71844, 3.44301, 3.80568, 1.67807, 1.63186, 2.27237, 2.10727
"Nov 2053", 2.9392, 1.55486, 1.20777, 2.74289, 1.90762, 1.9332, 0.00140949, 1.20937, 2.52927, 3.67778, 2.86362, 1.73183, 1.23538, 1.76928, 1.59301
"Dec 2053", 1.88984, 1.2163, 1.41428, 2.64063, 1.39674, 2.11718, 0.00134883, 1.08306, 1.91877, 2.21551, 2.06887, 1.20467, 0.972901, 1.47643, 1.35554
"Jan 2054", 1.55198, 1.04552, 1.0022, 1.6961, 1.23541, 1.57728, 0.00133383, 0.885276, 1.72973, 1.87243, 1.83082, 1.1026, 0.876895, 1.25302, 1.13503
"Feb 2054", 1.59316, 1.04208, 0.886726, 1.6242, 1.19255, 1.40476, 0.00146054, 0.866844, 1.64879, 1.81875, 1.74045, 1.06455, 1.08588, 1.24487, 1.14067
"Mar 2054", 1.20983, 1.085, 0.745488, 1.50737, 0.970887, 1.16866, 0.00130502, 0.823139, 1.33937, 1.4556, 1.39474, 0.864917, 0.980672, 1.06073, 0.920157
"Apr 2054", 1.69714, 1.42366, 0.860228, 1.2848, 0.952414, 1.07354, 0.00133429, 0.74934, 1.24469, 1.78633, 1.61763, 1.08471, 1.30815, 0.936133, 1.10123
"May 2054", 1.28314, 1.6425, 0.788292, 1.53549, 1.00789, 2.26379, 0.00127792, 2.08841, 1.74679, 2.47535, 2.49458, 1.05056, 1.97445, 1.36468, 1.59891
"Jun 2054", 1.34779, 2.29114, 0.847468, 2.18212, 2.06887, 2.83458, 0.00130711, 2.07749, 2.19461, 3.18116, 2.03939, 1.27717, 2.99173, 1.33892, 2.03619
"Jul 2054", 1.4191, 2.62732, 0.917572, 2.05772, 3.23375, 2.58706, 0.00125215, 1.85745, 2.0597, 3.83728, 2.74785, 1.40077, 4.92105, 1.48826, 1.90052
"Aug 2054", 2.02223, 1.90408, 1.3206, 1.71496, 4.04423, 2.61986, 0.00123949, 2.02867, 2.07665, 2.8306, 3.32349, 2.16743, 3.41899, 2.01541, 2.16509
"Sep 2054", 3.25639, 2.02817, 1.60187, 1.66346, 2.97845, 2.75636, 0.00126781, 1.70949, 1.99729, 2.79793, 2.92152, 2.22539, 3.51685, 2.44977, 2.31442
"Oct 2054", 3.21876, 1.72609, 1.73899, 1.49335, 2.15336, 2.39179, 0.00121432, 1.42107, 1.71635, 2.6471, 3.1479, 1.7423, 2.81618, 2.05727, 2.54523
"Nov 2054", 2.23968, 1.62121, 1.45804, 1.2443, 1.7342, 1.75195, 0.00124181, 1.38545, 1.44424, 1.96606, 2.34622, 1.52353, 2.25527, 1.63656, 2.35383
"Dec 2054", 1.5386, 1.4554, 0.980779, 1.06929, 1.52561, 1.45187, 0.00118927, 1.11852, 1.17072, 1.83289, 1.72719, 1.75356, 1.70172, 1.2175, 1.75913
"Jan 2055", 1.34404, 1.13865, 0.867325, 0.916248, 1.27623, 1.24395, 0.00117694, 1.10155, 1.02471, 1.43112, 1.48683, 1.12889, 1.48051, 1.15597, 1.32104
"Feb 2055", 1.32851, 1.08306, 0.84605, 1.07998, 1.25876, 1.20366, 0.00128969, 1.01499, 1.00558, 1.39198, 1.42871, 1.16372, 1.45198, 1.11374, 1.28953
"Mar 2055", 1.11095, 1.0198, 0.730549, 0.986967, 1.12091, 1.05417, 0.00115316, 0.845763, 0.809853, 1.11081, 1.14493, 0.949781, 1.18305, 0.981004, 1.32941
"Apr 2055", 1.07652, 1.11013, 1.11507, 0.832888, 1.26693, 1.51567, 0.0011798, 1.04836, 0.757321, 1.05736, 1.09839, 0.875618, 1.99448, 1.82993, 1.76319
"May 2055", 0.980412, 1.73737, 1.03172, 1.0691, 1.23341, 1.52982, 0.00113065, 0.876971, 1.5522, 1.71333, 1.64045, 1.38646, 2.74434, 1.53528, 2.29828
"Jun 2055", 1.66917, 2.65322, 1.42787, 1.57891, 2.68828, 2.76903, 0.00115714, 1.61127, 2.17498, 1.75018, 1.76345, 1.89391, 2.64927, 2.26307, 2.76952
"Jul 2055", 2.71681, 2.4463, 1.07919, 1.91068, 4.58397, 2.87045, 0.00110913, 1.42732, 1.65965, 3.56458, 2.62419, 3.11733, 2.1395, 2.27856, 3.56668
"Aug 2055", 1.96359, 2.54447, 1.27939, 2.53097, 2.90513, 2.42858, 0.00109855, 2.1043, 1.63146, 3.55345, 3.42946, 2.29726, 2.22182, 2.06363, 3.54675
"Sep 2055", 2.12123, 2.76976, 1.41815, 2.55616, 3.27547, 2.12088, 0.00112432, 1.74379, 1.64862, 3.0592, 2.43034, 2.00699, 2.21858, 1.92753, 4.09353
"Oct 2055", 2.58381, 2.29068, 1.18927, 1.79953, 2.86836, 1.88423, 0.00107757, 2.04185, 1.62116, 3.4484, 1.91703, 1.70573, 2.56059, 1.59617, 3.00191
"Nov 2055", 1.971, 1.72291, 1.09754, 1.71067, 2.15019, 1.86992, 0.00110268, 1.58669, 1.40936, 2.24665, 1.62609, 1.58088, 2.60955, 1.39006, 2.22693
"Dec 2055", 1.34752, 1.42696, 0.85286, 1.43253, 1.63416, 2.06696, 0.00105673, 1.57008, 1.0451, 1.71529, 1.32483, 1.25515, 1.57712, 1.10247, 2.75255
"Jan 2056", 1.1608, 1.21078, 0.772211, 1.11261, 1.42645, 1.32499, 0.00104647, 1.10115, 0.92112, 1.65385, 1.16653, 1.07884, 1.44073, 0.973462, 1.7211
"Feb 2056", 1.13157, 1.18365, 0.767414, 1.15739, 1.38091, 1.39134, 0.00114748, 1.06997, 0.967541, 1.55253, 1.19099, 1.30619, 1.35817, 0.951616, 1.66969
"Mar 2056", 0.977524, 1.01953, 0.629373, 0.896414, 1.11166, 1.1511, 0.00102663, 0.869265, 0.74846, 1.49931, 0.938328, 1.09696, 1.11023, 0.795609, 1.38101
"Apr 2056", 0.897239, 1.19484, 0.607705, 0.890842, 1.08292, 1.59665, 0.00105096, 1.02206, 0.920151, 1.6925, 0.90195, 1.27718, 1.10967, 1.02061, 1.38198
"May 2056", 1.04773, 2.47311, 1.17172, 1.76333, 1.64957, 1.50385, 0.00100772, 2.40557, 0.999654, 1.75663, 1.1548, 1.19832, 1.66348, 0.993195, 1.52026
"Jun 2056", 1.93718, 3.69262, 1.5164, 2.0975, 1.99809, 2.29382, 0.00103188, 1.77509, 1.33635, 1.67641, 1.15026, 1.22359, 2.0482, 1.53224, 1.49775
"Jul 2056", 2.05342, 3.91129, 2.63055, 4.17874, 2.80019, 2.22271, 0.000989576, 1.68934, 3.63961, 1.8457, 1.31066, 1.95213, 2.10363, 2.00487, 2.83016
"Aug 2056", 2.07529, 3.57444, 2.8769, 5.7586, 2.97534, 2.51718, 0.000980651, 2.2227, 3.61194, 2.42925, 1.24354, 3.07907, 1.82097, 2.0147, 2.58009
"Sep 2056", 2.08793, 2.96705, 2.17822, 3.65557, 3.14877, 3.62347, 0.00100419, 2.48964, 2.80424, 2.55672, 1.50118, 2.35753, 1.89353, 2.56071, 3.02621
"Oct 2056", 1.72596, 2.38292, 2.22312, 3.59042, 3.16887, 2.89293, 0.000962975, 2.54679, 2.55198, 2.98743, 1.41803, 1.97026, 1.69629, 2.18234, 2.42479
"Nov 2056", 1.28644, 2.28375, 1.6646, 2.87927, 3.30292, 2.14238, 0.000985989, 2.06302, 2.16, 2.19083, 1.19529, 2.17416, 1.57752, 1.66307, 1.80723
"Dec 2056", 1.16202, 1.80005, 1.47262, 2.65768, 2.99283, 1.91604, 0.000945461, 1.87505, 1.79949, 1.50069, 0.899361, 1.47343, 1.19322, 1.88277, 1.43778
"Jan 2057", 0.979462, 1.53868, 1.18721, 1.85581, 1.78725, 1.63272, 0.000936841, 1.33574, 1.5684, 1.31573, 0.793185, 1.229, 1.01022, 1.26056, 1.30721
"Feb 2057", 0.959268, 1.52203, 1.17101, 1.77217, 1.90877, 1.51218, 0.00102785, 1.29521, 1.37987, 1.28432, 0.781336, 1.19779, 1.26696, 1.2296, 1.36828
"Mar 2057", 0.857901, 1.25226, 0.988842, 1.43251, 1.39319, 1.37359, 0.000920109, 1.09836, 1.15303, 1.02458, 0.649144, 0.964404, 0.926658, 1.06938, 1.03179
"Apr 2057", 0.95468, 1.26538, 0.960448, 1.5608, 1.41571, 1.18459, 0.000942404, 1.54128, 1.25909, 1.12198, 0.711268, 1.53956, 1.21295, 1.709, 3.14087
"May 2057", 1.06072, 1.28424, 1.10927, 2.38888, 1.57392, 2.24338, 0.000904085, 1.29579, 1.39559, 1.56628, 0.998052, 2.12299, 1.42534, 1.42668, 1.94076
"Jun 2057", 1.16414, 1.44973, 1.10164, 1.90509, 2.93113, 1.88674, 0.00092619, 1.48611, 1.97066, 2.10945, 1.05312, 1.54355, 1.98556, 2.09765, 1.85102
"Jul 2057", 1.37225, 2.35593, 2.02354, 2.24919, 3.14357, 1.87394, 0.000888641, 2.73744, 2.00083, 4.5076, 1.99844, 1.59037, 3.51836, 1.75651, 1.90307
"Aug 2057", 1.65715, 1.93268, 2.33757, 2.37064, 3.8587, 1.96676, 0.000881045, 2.63255, 2.29101, 3.51803, 1.90857, 1.58226, 3.11795, 1.7015, 1.69092
"Sep 2057", 3.2887, 2.58717, 2.04753, 2.29455, 4.21848, 2.4924, 0.000902627, 2.247, 2.53647, 3.26976, 2.08099, 2.04667, 3.06823, 1.61479, 1.86716
"Oct 2057", 1.97816, 2.68419, 1.76207, 2.09579, 3.16357, 2.22467, 0.000866013, 1.68808, 2.30704, 3.45669, 1.71438, 1.9257, 2.20552, 1.60978, 1.51959
"Nov 2057", 2.02559, 2.14063, 2.01058, 1.72996, 2.41469, 1.72046, 0.000887165, 1.45421, 1.75167, 2.45138, 1.49731, 1.59022, 1.75103, 1.28404, 1.36647
"Dec 2057", 1.30332, 1.66041, 1.29443, 1.32345, 1.78787, 1.42001, 0.000851148, 1.24795, 1.3597, 1.76789, 1.07345, 1.17528, 1.7244, 1.10339, 1.12505
"Jan 2058", 1.14914, 1.42026, 1.09095, 1.16121, 1.5508, 1.2426, 0.00084383, 1.063, 1.20618, 1.53127, 1.12164, 1.07136, 1.30301, 0.965142, 0.954326
"Feb 2058", 1.11616, 1.34507, 1.06499, 1.13023, 1.83522, 1.1766, 0.000926278, 1.05664, 1.18775, 1.48794, 0.972662, 1.02633, 1.26819, 1.02569, 0.932425
"Mar 2058", 1.00531, 1.0751, 0.872009, 0.931555, 1.30819, 1.0326, 0.000829586, 0.84804, 1.02368, 1.22579, 1.01859, 0.878013, 1.0266, 0.799677, 0.801411
"Apr 2058", 0.911956, 1.1019, 1.25699, 0.872688, 1.90873, 1.24875, 0.00085009, 0.903438, 0.959666, 1.88546, 1.06584, 1.24967, 1.0484, 0.986474, 0.876372
"May 2058", 1.04898, 1.23298, 1.02338, 1.22256, 2.23215, 1.21479, 0.000815884, 1.1194, 1.57599, 1.66593, 1.8726, 1.17313, 2.0915, 1.96662, 1.08733
"Jun 2058", 2.45215, 2.32439, 1.91473, 1.54121, 2.10784, 2.20887, 0.000836194, 1.0069, 2.70351, 2.15949, 3.16287, 1.06601, 2.77761, 2.17441, 1.36629
"Jul 2058", 2.58446, 2.47456, 1.63357, 2.46605, 2.28062, 3.11334, 0.000802635, 1.82948, 2.12051, 2.89099, 4.17766, 2.24003, 2.77655, 1.79141, 1.51111
"Aug 2058", 2.91399, 2.16086, 1.6713, 2.09508, 2.17906, 3.07001, 0.000796118, 2.1087, 2.61192, 5.89189, 4.72354, 2.24166, 2.88037, 2.18932, 3.16157
"Sep 2058", 2.98958, 2.31652, 1.57483, 2.12847, 2.01909, 2.93119, 0.000815975, 2.27558, 2.38392, 3.06804, 4.00605, 2.02361, 2.86705, 1.97541, 2.95265
"Oct 2058", 2.32606, 2.13153, 1.57844, 2.19517, 2.5833, 2.86898, 0.000783224, 1.66673, 2.50618, 3.55087, 3.21822, 2.06474, 2.78364, 1.53229, 2.3944
"Nov 2058", 2.4086, 1.80242, 1.3173, 1.69251, 1.97305, 3.08645, 0.000802727, 1.36497, 1.92509, 2.57282, 2.35299, 1.52898, 2.07832, 1.73386, 2.44013
"Dec 2058", 2.05415, 1.53826, 1.03891, 1.98681, 2.12519, 2.33973, 0.000770498, 1.29278, 1.39416, 3.01478, 2.07941, 1.16507, 1.83442, 1.59106, 1.74328
"Jan 2059", 1.72459, 1.30221, 0.933617, 1.26054, 1.44403, 1.61869, 0.00076423, 1.03054, 1.21588, 1.85322, 1.66835, 1.0204, 1.43465, 1.11727, 1.44104
"Feb 2059", 1.53824, 1.20995, 0.944902, 1.21903, 1.42147, 1.55668, 0.000839281, 1.12721, 1.31316, 1.79296, 1.61524, 0.998989, 1.38536, 1.08539, 1.35717
"Mar 2059", 1.26466, 1.02602, 0.808281, 1.03861, 1.09916, 1.53274, 0.000752, 0.869507, 1.02791, 1.50695, 1.35305, 0.82914, 1.13397, 0.895861, 1.12344
"Apr 2059", 1.34827, 1.37533, 0.746714, 1.23511, 1.10918, 1.50089, 0.000770911, 1.01356, 0.964667, 1.72324, 1.72763, 0.956015, 1.11483, 0.959657, 1.07468
"May 2059", 2.77895, 2.8407, 0.699946, 1.26494, 1.42205, 2.71879, 0.000740191, 1.39199, 1.18703, 1.9842, 4.15228, 1.04679, 1.85057, 0.961277, 2.07689
"Jun 2059", 2.45629, 2.32496, 0.695097, 1.36618, 2.83841, 2.27012, 0.000758915, 1.79814, 2.03288, 2.16317, 3.41024, 1.33994, 2.61739, 1.1197, 3.20238
"Jul 2059", 3.7148, 2.26337, 1.39758, 3.48787, 2.47266, 4.39542, 0.000728739, 2.66976, 2.93602, 2.16312, 3.14984, 1.85845, 4.1559, 1.09658, 3.47253
"Aug 2059", 3.36092, 2.46318, 1.24398, 2.66741, 2.9531, 3.15354, 0.000723101, 2.86352, 2.61489, 2.20291, 2.8234, 2.70566, 3.14474, 1.62687, 2.97899
"Sep 2059", 3.78931, 2.83541, 1.23275, 2.38572, 2.77613, 2.9708, 0.00074143, 2.98245, 2.78238, 2.83481, 3.25545, 1.88512, 4.01173, 2.49593, 3.0002
"Oct 2059", 2.49191, 2.36611, 1.05747, 2.31299, 2.89235, 2.56073, 0.000711959, 2.46706, 2.27388, 1.89116, 2.81808, 1.68223, 2.65159, 2.14512, 2.56033
"Nov 2059", 2.15322, 1.79408, 0.86328, 1.73127, 2.44446, 2.03861, 0.00072999, 1.98908, 1.89582, 1.56021, 2.39953, 1.30599, 2.0507, 1.8577, 1.93582
"Dec 2059", 1.73174, 1.40504, 0.748786, 1.40715, 2.24554, 1.60562, 0.000700971, 1.44489, 1.66676, 1.6168, 2.36852, 1.0779, 1.67841, 1.2214, 1.61599
"Jan 2060", 1.46917, 1.22942, 0.651549, 1.25918, 1.59703, 1.39628, 0.000695561, 1.27584, 1.25911, 1.28392, 1.73776, 0.948151, 1.47979, 1.06633, 1.34863
"Feb 2060", 1.51968, 1.22543, 0.644174, 1.28591, 1.5628, 1.40438, 0.000764177, 1.41895, 1.22719, 1.19281, 1.61751, 0.986636, 1.46423, 1.0456, 1.31723
"Mar 2060", 1.15799, 0.973811, 0.531026, 1.0189, 1.29057, 1.09782, 0.000684978, 1.03086, 1.0202, 1.01541, 1.38486, 0.822282, 1.19636, 0.883248, 1.0508
