2001,1,6.0668
2001,2,39.462
2001,3,46.043
2001,4,6.3009
2001,5,993.09
2001,6,275.98
2001,7,185.93
2001,8,268.87
2001,9,106.28
2001,10,17.696
2001,11,90.773
2001,12,0.15352
2002,1,3.8451
2002,2,6.6851
2002,3,35.904
2002,4,32.769
2002,5,435.37
2002,6,606.29
2002,7,102.35
2002,8,36.808
2002,9,91.814
2002,10,152.59
2002,11,194.96
2002,12,0
2003,1,4.6045
2003,2,0
2003,3,0.45141
2003,4,90.547
2003,5,702.62
2003,6,158.72
2003,7,569.92
2003,8,217.99
2003,9,163.26
2003,10,79.943
2003,11,22.659
2003,12,51.452
2004,1,11.172
2004,2,10.38
2004,3,3.8983
2004,4,43.873
2004,5,88.159
2004,6,376.7
2004,7,164.57
2004,8,324.12
2004,9,145.53
2004,10,269.42
2004,11,286.51
2004,12,6.4647
2005,1,1.9319
2005,2,45.541
2005,3,0.65593
2005,4,138.59
2005,5,728.72
2005,6,604.49
2005,7,584.01
2005,8,136.95
2005,9,164.48
2005,10,178.69
2005,11,173.33
2005,12,62.269
2006,1,3.5086
2006,2,8.6811
2006,3,45.276
2006,4,64.169
2006,5,476.15
2006,6,82.678
2006,7,78.055
2006,8,35.372
2006,9,163.75
2006,10,80.087
2006,11,42.83
2006,12,0
2007,1,4.6895
2007,2,0.0047815
2007,3,0.12453
2007,4,225.92
2007,5,109.42
2007,6,557.91
2007,7,306.47
2007,8,166.52
2007,9,192.6
2007,10,43.872
2007,11,3.6875
2007,12,114.77
2008,1,30.64
2008,2,8.8691
2008,3,0.083961
2008,4,32.912
2008,5,633.63
2008,6,610.52
2008,7,206.07
2008,8,160.73
2008,9,67.255
2008,10,64.156
2008,11,122.21
2008,12,0
2009,1,0
2009,2,0
2009,3,6.5155
2009,4,11.424
2009,5,490.91
2009,6,361.66
2009,7,278.6
2009,8,263.29
2009,9,185.33
2009,10,30.088
2009,11,6.013
2009,12,2.827
2010,1,0
2010,2,10.004
2010,3,1.9474
2010,4,7.9155
2010,5,814.26
2010,6,82.556
2010,7,411.36
2010,8,135.82
2010,9,28.839
2010,10,152.64
2010,11,25.378
2010,12,2.9697
2011,1,2.4171
2011,2,0
2011,3,94.709
2011,4,131.11
2011,5,75.741
2011,6,333.34
2011,7,438.72
2011,8,466.79
2011,9,367.07
2011,10,44.94
2011,11,188.49
2011,12,168.33
2012,1,0
2012,2,1.2024
2012,3,0.0049091
2012,4,178.29
2012,5,792.68
2012,6,289.11
2012,7,348.75
2012,8,166.79
2012,9,58.835
2012,10,121.27
2012,11,174.22
2012,12,36.731
2013,1,0
2013,2,11.027
2013,3,2.2923
2013,4,361.53
2013,5,73.119
2013,6,93.438
2013,7,31.275
2013,8,187.8
2013,9,120.52
2013,10,273.44
2013,11,54.011
2013,12,73.521
2014,1,3.6615
2014,2,0
2014,3,26.185
2014,4,93.732
2014,5,371.63
2014,6,59.426
2014,7,273.5
2014,8,116.93
2014,9,243.41
2014,10,184.78
2014,11,84.801
2014,12,1.0918
2015,1,0.47864
2015,2,0.065512
2015,3,6.7072
2015,4,177.7
2015,5,275.12
2015,6,792.37
2015,7,890.18
2015,8,582.43
2015,9,352.55
2015,10,225.72
2015,11,53.268
2015,12,33.145
2016,1,6.3231
2016,2,4.8958
2016,3,3.2921
2016,4,175.02
2016,5,181.1
2016,6,241.74
2016,7,136.69
2016,8,684.47
2016,9,226.04
2016,10,151.92
2016,11,27.898
2016,12,65.202
2017,1,7.1215
2017,2,3.9906
2017,3,14.862
2017,4,1.5743
2017,5,412.58
2017,6,257.59
2017,7,208.22
2017,8,96.405
2017,9,135.53
2017,10,10.596
2017,11,124.52
2017,12,74.152
2018,1,0
2018,2,4.7307
2018,3,49.263
2018,4,13.807
2018,5,489.57
2018,6,109.46
2018,7,480.24
2018,8,396.1
2018,9,314.91
2018,10,218.42
2018,11,34.735
2018,12,58.922
2019,1,7.7921
2019,2,9.2788
2019,3,1.2355
2019,4,49.443
2019,5,158.16
2019,6,388.23
2019,7,521.7
2019,8,73.642
2019,9,186.46
2019,10,63.011
2019,11,3.7031
2019,12,17.519
2020,1,1.4116
2020,2,0.77464
2020,3,16.868
2020,4,5.1946
2020,5,815.64
2020,6,351.24
2020,7,220.19
2020,8,64.951
2020,9,263.52
2020,10,23.448
2020,11,2.3176
2020,12,0.076561
2021,1,26.033
2021,2,0
2021,3,14.909
2021,4,42.697
2021,5,733.5
2021,6,163.98
2021,7,630.36
2021,8,37.554
2021,9,41.217
2021,10,160.31
2021,11,2.9169
2021,12,3.0512
2022,1,2.6925
2022,2,0
2022,3,5.3508
2022,4,118.08
2022,5,90.432
2022,6,110.31
2022,7,606.38
2022,8,352.85
2022,9,19.338
2022,10,216.89
2022,11,201.54
2022,12,148.99
2023,1,6.0136
2023,2,0
2023,3,53.838
2023,4,290.04
2023,5,67.7
2023,6,553.31
2023,7,541.93
2023,8,198.92
2023,9,119.06
2023,10,182.21
2023,11,45.635
2023,12,149.96
2024,1,8.594
2024,2,42.005
2024,3,6.302
2024,4,32.225
2024,5,137.93
2024,6,645.98
2024,7,560.88
2024,8,112.53
2024,9,44.792
2024,10,8.847
2024,11,0.0063757
2024,12,6.7086
2025,1,0
2025,2,10.874
2025,3,4.8882
2025,4,353.93
2025,5,46.987
2025,6,55.826
2025,7,162.02
2025,8,252.73
2025,9,77.461
2025,10,52.738
2025,11,249.45
2025,12,33.086
2026,1,6.5277
2026,2,5.9331
2026,3,0.035056
2026,4,49.999
2026,5,352.45
2026,6,314.32
2026,7,170.62
2026,8,189.95
2026,9,175.91
2026,10,36.393
2026,11,42.434
2026,12,2.0129
2027,1,2.9164
2027,2,12.893
2027,3,17.496
2027,4,47.475
2027,5,256.58
2027,6,615.21
2027,7,587.32
2027,8,151.32
2027,9,359.31
2027,10,201.97
2027,11,48.711
2027,12,0
2028,1,0.052725
2028,2,5.3902
2028,3,0.0272
2028,4,0.28656
2028,5,170.31
2028,6,389.45
2028,7,184.15
2028,8,98.376
2028,9,239.61
2028,10,110.22
2028,11,45.008
2028,12,2.3714
2029,1,0
2029,2,0.2211
2029,3,8.0476
2029,4,24.959
2029,5,263.89
2029,6,130.08
2029,7,190.37
2029,8,30.754
2029,9,115.13
2029,10,53.691
2029,11,31.758
2029,12,5.0145
2030,1,1.7597
2030,2,53.716
2030,3,7.2857
2030,4,590.49
2030,5,530.07
2030,6,862.98
2030,7,126.1
2030,8,289.55
2030,9,67.282
2030,10,0.071328
2030,11,66.815
2030,12,4.0194
2031,1,0.88064
2031,2,10.264
2031,3,6.2379
2031,4,15.882
2031,5,437.61
2031,6,648.56
2031,7,621.21
2031,8,262.54
2031,9,106.54
2031,10,183.46
2031,11,36.459
2031,12,7.5122
2032,1,7.9516
2032,2,15.021
2032,3,10.64
2032,4,44.923
2032,5,313.66
2032,6,475.79
2032,7,114.12
2032,8,122.37
2032,9,205.88
2032,10,48.47
2032,11,13.583
2032,12,0
2033,1,0.083211
2033,2,0.0087895
2033,3,0.0047595
2033,4,20.596
2033,5,203.4
2033,6,490.22
2033,7,689.45
2033,8,168.49
2033,9,110.89
2033,10,178.93
2033,11,100.24
2033,12,88.513
2034,1,0
2034,2,4.5237
2034,3,20.963
2034,4,166.59
2034,5,452.46
2034,6,374.41
2034,7,725.35
2034,8,371.97
2034,9,119.14
2034,10,45.006
2034,11,56.652
2034,12,84.328
2035,1,9.3763
2035,2,0
2035,3,43.485
2035,4,226.17
2035,5,300.99
2035,6,407.11
2035,7,232.06
2035,8,149.9
2035,9,221.86
2035,10,36.353
2035,11,30.544
2035,12,25.469
2036,1,2.4955
2036,2,0.0072941
2036,3,3.8782
2036,4,9.2303
2036,5,209.08
2036,6,167.94
2036,7,166.67
2036,8,36.983
2036,9,81.38
2036,10,11.702
2036,11,4.5346
2036,12,35.45
2037,1,17.946
2037,2,0
2037,3,11.376
2037,4,323.45
2037,5,288.05
2037,6,483.15
2037,7,148.17
2037,8,109.61
2037,9,89.393
2037,10,78.43
2037,11,56.443
2037,12,109.3
2038,1,5.8759
2038,2,0.016079
2038,3,0.014017
2038,4,120.71
2038,5,971.72
2038,6,374.65
2038,7,203.14
2038,8,139.8
2038,9,30.781
2038,10,79.04
2038,11,76.794
2038,12,7.4972
2039,1,2.6149
2039,2,0
2039,3,70.195
2039,4,6.755
2039,5,479.19
2039,6,756.14
2039,7,800.41
2039,8,199.74
2039,9,328.47
2039,10,206.38
2039,11,17.348
2039,12,28.976
2040,1,8.1661
2040,2,51.632
2040,3,7.1752
2040,4,94.603
2040,5,156.57
2040,6,276.75
2040,7,382.39
2040,8,113.27
2040,9,114.74
2040,10,177.84
2040,11,2.6782
2040,12,32.457
2041,1,26.511
2041,2,0
2041,3,79.753
2041,4,32.821
2041,5,357.06
2041,6,192.03
2041,7,329.07
2041,8,269.13
2041,9,9.055
2041,10,77.822
2041,11,61.828
2041,12,6.4816
2042,1,3.1108
2042,2,0
2042,3,1.9139
2042,4,139.58
2042,5,214.09
2042,6,608.72
2042,7,99.787
2042,8,119.37
2042,9,372.77
2042,10,5.9529
2042,11,183.22
2042,12,0.11028
2043,1,0
2043,2,0
2043,3,9.505
2043,4,86.684
2043,5,360.02
2043,6,643.63
2043,7,461.79
2043,8,106.25
2043,9,239.35
2043,10,36.401
2043,11,1.6103
2043,12,0
2044,1,40.619
2044,2,4.9218
2044,3,76.316
2044,4,216.88
2044,5,310.98
2044,6,328.47
2044,7,126.19
2044,8,379.86
2044,9,139.07
2044,10,62.266
2044,11,0.066579
2044,12,4.1138
2045,1,1.5232
2045,2,0.018432
2045,3,1.3818
2045,4,104.44
2045,5,734.77
2045,6,361.69
2045,7,106.11
2045,8,211.27
2045,9,111.12
2045,10,46.124
2045,11,31.456
2045,12,51.275
2046,1,8.3475
2046,2,7.409
2046,3,2.1048
2046,4,131.37
2046,5,121.86
2046,6,80.308
2046,7,176.89
2046,8,380.44
2046,9,78.965
2046,10,92.165
2046,11,20.008
2046,12,48.729
2047,1,35.798
2047,2,11.082
2047,3,7.8466
2047,4,320.46
2047,5,144.6
2047,6,572.46
2047,7,637.65
2047,8,303.93
2047,9,339.22
2047,10,241.12
2047,11,44.14
2047,12,148.7
2048,1,1.1043
2048,2,17.403
2048,3,112.06
2048,4,13.786
2048,5,234.71
2048,6,522.57
2048,7,105.5
2048,8,233.08
2048,9,79.865
2048,10,45.072
2048,11,14.723
2048,12,4.6414
2049,1,0.00011026
2049,2,0.022895
2049,3,14.199
2049,4,55.862
2049,5,203.56
2049,6,570.17
2049,7,350.3
2049,8,238.1
2049,9,63.705
2049,10,46.347
2049,11,46.54
2049,12,8.1284
2050,1,33.73
2050,2,79.641
2050,3,0
2050,4,244.88
2050,5,190
2050,6,108
2050,7,260.67
2050,8,235.57
2050,9,28.75
2050,10,9.3129
2050,11,12.799
2050,12,171.86
2051,1,43.215
2051,2,14.722
2051,3,89.34
2051,4,0.25707
2051,5,73.08
2051,6,56.949
2051,7,333.93
2051,8,70.403
2051,9,48.541
2051,10,51.078
2051,11,0.057183
2051,12,3.6952
2052,1,6.8733
2052,2,3.5283
2052,3,56.879
2052,4,17.506
2052,5,129.11
2052,6,329.01
2052,7,275.3
2052,8,116.76
2052,9,48.316
2052,10,6.9054
2052,11,60.992
2052,12,38.901
2053,1,16.575
2053,2,1.9042
2053,3,0.73029
2053,4,72.689
2053,5,555.81
2053,6,732.63
2053,7,754.79
2053,8,341.02
2053,9,237.71
2053,10,38.047
2053,11,11.232
2053,12,0.19469
2054,1,17.844
2054,2,10.377
2054,3,5.4847
2054,4,3.6421
2054,5,407.79
2054,6,468.03
2054,7,95.02
2054,8,63.611
2054,9,36.447
2054,10,42.131
2054,11,8.0361
2054,12,3.8634
2055,1,0.28108
2055,2,2.4253
2055,3,0.016639
2055,4,0.47913
2055,5,662.92
2055,6,322.16
2055,7,115.46
2055,8,56.298
2055,9,58.45
2055,10,49.442
2055,11,46.921
2055,12,0
2056,1,0.86313
2056,2,7.201
2056,3,0
2056,4,117.24
2056,5,149.16
2056,6,398.23
2056,7,913.78
2056,8,271.86
2056,9,115.58
2056,10,106.24
2056,11,57.134
2056,12,61.806
2057,1,38.504
2057,2,0
2057,3,19.005
2057,4,63.852
2057,5,300.9
2057,6,345.32
2057,7,105.21
2057,8,192.4
2057,9,295.08
2057,10,41.519
2057,11,2.3635
2057,12,0.06598
2058,1,0
2058,2,3.6979
2058,3,23.6
2058,4,25.617
2058,5,428.17
2058,6,558.35
2058,7,218.41
2058,8,249.57
2058,9,112.57
2058,10,59.292
2058,11,36.964
2058,12,0
2059,1,0
2059,2,34.375
2059,3,13.537
2059,4,4.0087
2059,5,214.86
2059,6,692.78
2059,7,293.55
2059,8,219.85
2059,9,191.17
2059,10,73.514
2059,11,57.214
2059,12,86.68
2060,1,0
2060,2,3.0149
2060,3,17.183
2060,4,16.526
2060,5,399.82
2060,6,592.87
2060,7,750.92
2060,8,275.49
2060,9,90.898
2060,10,222.16
2060,11,163.2
2060,12,5.629
2061,1,6.3501
2061,2,0
2061,3,0
2061,4,38.731
2061,5,153.17
2061,6,737.02
2061,7,384.79
2061,8,194.79
2061,9,41.495
2061,10,14.637
2061,11,11.955
2061,12,112.48
2062,1,0
2062,2,0
2062,3,55.774
2062,4,6.3165
2062,5,113.2
2062,6,213.76
2062,7,309.59
2062,8,258.38
2062,9,97.319
2062,10,157.28
2062,11,29.797
2062,12,69.584
2063,1,0
2063,2,11.533
2063,3,12.493
2063,4,97.912
2063,5,196.29
2063,6,367.38
2063,7,538.59
2063,8,42.464
2063,9,69.505
2063,10,1.3278
2063,11,48.604
2063,12,0
2064,1,0
2064,2,40.753
2064,3,32.241
2064,4,5.5365
2064,5,432.2
2064,6,603.37
2064,7,236.31
2064,8,95.361
2064,9,50.84
2064,10,157.22
2064,11,22.309
2064,12,72.504
2065,1,2.5125
2065,2,0.36811
2065,3,0
2065,4,0.66795
2065,5,637.39
2065,6,49.159
2065,7,151.21
2065,8,60.384
2065,9,6.9269
2065,10,41.649
2065,11,2.4947
2065,12,0
2066,1,6.5175
2066,2,0
2066,3,50.315
2066,4,40.049
2066,5,74.36
2066,6,304.42
2066,7,137.69
2066,8,91.187
2066,9,260.02
2066,10,39.641
2066,11,163.91
2066,12,114.69
2067,1,0
2067,2,0
2067,3,6.3359
2067,4,186.21
2067,5,295.07
2067,6,278.92
2067,7,428.46
2067,8,46.133
2067,9,9.6008
2067,10,3.4986
2067,11,1.3205
2067,12,0.016337
2068,1,17.418
2068,2,0.15712
2068,3,6.5378
2068,4,135.34
2068,5,28.419
2068,6,471.74
2068,7,526.56
2068,8,313.39
2068,9,42.246
2068,10,82.741
2068,11,32.551
2068,12,2.5541
2069,1,2.7829
2069,2,0
2069,3,5.3897
2069,4,5.3268
2069,5,661.7
2069,6,509.9
2069,7,98.361
2069,8,149.46
2069,9,51.019
2069,10,139.8
2069,11,13.066
2069,12,0
2070,1,0
2070,2,0
2070,3,5.9816
2070,4,330.01
2070,5,108.74
2070,6,61.134
2070,7,503.63
2070,8,100.62
2070,9,49.48
2070,10,280.95
2070,11,35.458
2070,12,23.272
2071,1,0
2071,2,0
2071,3,0
2071,4,83.493
2071,5,258.59
2071,6,365.88
2071,7,88.791
2071,8,114.28
2071,9,82.026
2071,10,185.69
2071,11,0.83244
2071,12,154.29
2072,1,0
2072,2,0.43917
2072,3,0.34153
2072,4,49.411
2072,5,370.26
2072,6,254.9
2072,7,106.36
2072,8,55.883
2072,9,33.217
2072,10,17.87
2072,11,34.419
2072,12,85.695
2073,1,0
2073,2,38.61
2073,3,5.814
2073,4,120.25
2073,5,302.23
2073,6,128.94
2073,7,265.92
2073,8,182.07
2073,9,78.753
2073,10,17.882
2073,11,34.645
2073,12,0
2074,1,0
2074,2,0
2074,3,0
2074,4,26.414
2074,5,210.88
2074,6,648.57
2074,7,80.976
2074,8,32.394
2074,9,7.1362
2074,10,24.965
2074,11,13.263
2074,12,0
2075,1,0
2075,2,6.9571
2075,3,11.112
2075,4,79.72
2075,5,140.44
2075,6,343.28
2075,7,273.89
2075,8,67.994
2075,9,93.226
2075,10,44.368
2075,11,134.64
2075,12,61.524
2076,1,0
2076,2,0
2076,3,25.021
2076,4,13.297
2076,5,90.477
2076,6,771.76
2076,7,931.82
2076,8,473.19
2076,9,70.899
2076,10,70.526
2076,11,138.29
2076,12,58.396
2077,1,0
2077,2,0.38361
2077,3,85.74
2077,4,173.5
2077,5,134.84
2077,6,344.88
2077,7,109.04
2077,8,370.52
2077,9,231.08
2077,10,87.075
2077,11,6.9402
2077,12,0
2078,1,6.993
2078,2,14.911
2078,3,0
2078,4,1.6618
2078,5,78.341
2078,6,861.67
2078,7,148.91
2078,8,291.92
2078,9,476.05
2078,10,54.658
2078,11,0.063749
2078,12,16.152
2079,1,0
2079,2,0
2079,3,6.0198
2079,4,32.842
2079,5,203
2079,6,375.32
2079,7,541.91
2079,8,103.7
2079,9,85.007
2079,10,28.404
2079,11,23.507
2079,12,2.1473
2080,1,21.458
2080,2,0
2080,3,5.3997
2080,4,171.05
2080,5,648.04
2080,6,42.261
2080,7,75.278
2080,8,35.958
2080,9,38.475
2080,10,143.04
2080,11,37.867
2080,12,27.289
2081,1,2.0852
2081,2,20.007
2081,3,6.405
2081,4,14.317
2081,5,100.18
2081,6,521.44
2081,7,172.69
2081,8,33.805
2081,9,115.91
2081,10,84.251
2081,11,56.062
2081,12,0
2082,1,0
2082,2,17.269
2082,3,0
2082,4,134.57
2082,5,267.92
2082,6,824.97
2082,7,110.4
2082,8,391.86
2082,9,76.057
2082,10,57.5
2082,11,55.205
2082,12,2.3517
2083,1,0.50508
2083,2,6.0108
2083,3,0
2083,4,161.88
2083,5,107.1
2083,6,337.99
2083,7,70.801
2083,8,33.793
2083,9,71.68
2083,10,5.3231
2083,11,29.644
2083,12,31.778
2084,1,3.4078
2084,2,0
2084,3,0.07981
2084,4,89.678
2084,5,90.261
2084,6,102.95
2084,7,33.887
2084,8,161.73
2084,9,246.91
2084,10,53.092
2084,11,47.871
2084,12,0
2085,1,0
2085,2,0
2085,3,26.712
2085,4,15.193
2085,5,210.37
2085,6,436.07
2085,7,186.33
2085,8,329.58
2085,9,79.251
2085,10,68.919
2085,11,6.3119
2085,12,0
2086,1,0.00055711
2086,2,2.8719
2086,3,212.77
2086,4,60.545
2086,5,171.76
2086,6,454.81
2086,7,144
2086,8,327.89
2086,9,247.26
2086,10,355.67
2086,11,15.749
2086,12,0
2087,1,0.0065886
2087,2,7.1591
2087,3,0.61284
2087,4,0.24793
2087,5,262.68
2087,6,517.43
2087,7,247.29
2087,8,282.48
2087,9,55.736
2087,10,33.462
2087,11,8.2293
2087,12,1.9168
2088,1,0.55436
2088,2,0.596
2088,3,24.734
2088,4,318.22
2088,5,148.71
2088,6,432.81
2088,7,261.86
2088,8,39.797
2088,9,243.83
2088,10,73.157
2088,11,1.9878
2088,12,37.83
2089,1,0
2089,2,4.1207
2089,3,138.84
2089,4,126.61
2089,5,253.99
2089,6,550.79
2089,7,414.33
2089,8,135.03
2089,9,281.65
2089,10,53.945
2089,11,38.473
2089,12,61.396
2090,1,0
2090,2,0
2090,3,0
2090,4,50.135
2090,5,312.99
2090,6,193.59
2090,7,18.043
2090,8,84.712
2090,9,100.36
2090,10,43.532
2090,11,43.711
2090,12,65.232
2091,1,0
2091,2,0
2091,3,0.028583
2091,4,0.5407
2091,5,249
2091,6,366.62
2091,7,118.6
2091,8,76.827
2091,9,259.24
2091,10,10.042
2091,11,1.0351
2091,12,1.8566
2092,1,0
2092,2,4.6045
2092,3,92.723
2092,4,32.557
2092,5,217.28
2092,6,455.19
2092,7,298.94
2092,8,125.41
2092,9,42.651
2092,10,29.083
2092,11,102.92
2092,12,151.92
2093,1,0
2093,2,0.45329
2093,3,26.805
2093,4,162.13
2093,5,356.92
2093,6,392.75
2093,7,553.33
2093,8,196.75
2093,9,35.707
2093,10,46.76
2093,11,5.3714
2093,12,0.081099
2094,1,11.297
2094,2,13.347
2094,3,0
2094,4,74.386
2094,5,254.62
2094,6,99.455
2094,7,317.03
2094,8,457.9
2094,9,143.05
2094,10,3.2029
2094,11,105.84
2094,12,2.7579
2095,1,1.6467
2095,2,14.052
2095,3,24.9
2095,4,80.014
2095,5,198.52
2095,6,400.25
2095,7,112.88
2095,8,327.77
2095,9,138.7
2095,10,193.95
2095,11,145.58
2095,12,3.0271
2096,1,0
2096,2,4.1268
2096,3,41.766
2096,4,210.64
2096,5,201.62
2096,6,526.55
2096,7,728.23
2096,8,156.32
2096,9,170.23
2096,10,211.25
2096,11,19.71
2096,12,2.6088
2097,1,0
2097,2,15.011
2097,3,7.5667
2097,4,252.25
2097,5,211.19
2097,6,359.28
2097,7,125.78
2097,8,48.097
2097,9,64.123
2097,10,0.54951
2097,11,2.9659
2097,12,5.417
2098,1,23.611
2098,2,0
2098,3,21.41
2098,4,30.928
2098,5,803.15
2098,6,47.236
2098,7,309.89
2098,8,192.27
2098,9,60.834
2098,10,17.104
2098,11,17.79
2098,12,1.0617
2099,1,0
2099,2,8.7394
2099,3,0
2099,4,46.911
2099,5,76.198
2099,6,384.93
2099,7,326.55
2099,8,86.279
2099,9,355.08
2099,10,43.242
2099,11,40.166
2099,12,11.86
2100,1,0
2100,2,0
2100,3,25.989
2100,4,236.52
2100,5,367.77
2100,6,393.23
2100,7,331.22
2100,8,79.436
2100,9,33.065
2100,10,45.753
2100,11,61.908
2100,12,137.92
2101,1,0
2101,2,0
2101,3,64.496
2101,4,203.4
2101,5,165
2101,6,116.18
2101,7,357.02
2101,8,62.078
2101,9,429.97
2101,10,25.34
2101,11,0.16981
2101,12,62.149
2102,1,3.7092
2102,2,0.29235
2102,3,49.987
2102,4,245.08
2102,5,218.71
2102,6,372.44
2102,7,378.91
2102,8,278.79
2102,9,204.38
2102,10,29.522
2102,11,2.3552
2102,12,0
2103,1,0
2103,2,0
2103,3,58.206
2103,4,112.14
2103,5,214.45
2103,6,422.87
2103,7,514.07
2103,8,330.99
2103,9,294.73
2103,10,234.31
2103,11,38.596
2103,12,4.2664
2104,1,6.9776
2104,2,7.1344
2104,3,8.3024
2104,4,296.06
2104,5,344.11
2104,6,66.127
2104,7,136.61
2104,8,199.45
2104,9,103.85
2104,10,2.1118
2104,11,4.0932
2104,12,0.44587
2105,1,41.825
2105,2,7.3769
2105,3,0
2105,4,61.799
2105,5,210.27
2105,6,121.64
2105,7,219.8
2105,8,131.53
2105,9,48.824
2105,10,11.924
2105,11,89.28
2105,12,0
2106,1,0
2106,2,0
2106,3,8.3231
2106,4,119.25
2106,5,40.83
2106,6,276.5
2106,7,141.36
2106,8,171.97
2106,9,41.44
2106,10,16.155
2106,11,44.993
2106,12,96.205
2107,1,34.862
2107,2,36.76
2107,3,0.055944
2107,4,223.06
2107,5,430.37
2107,6,333.43
2107,7,629.18
2107,8,245.25
2107,9,141.42
2107,10,50.398
2107,11,1.7255
2107,12,3.0992
2108,1,3.1411
2108,2,0
2108,3,0
2108,4,3.571
2108,5,450.05
2108,6,186.6
2108,7,164.92
2108,8,243.13
2108,9,47.604
2108,10,31.669
2108,11,42.869
2108,12,5.0052
2109,1,0
2109,2,0
2109,3,0
2109,4,2.4133
2109,5,138.47
2109,6,496.78
2109,7,306.85
2109,8,111.8
2109,9,66.836
2109,10,47.431
2109,11,0.99232
2109,12,35.103
2110,1,0
2110,2,0
2110,3,27.307
2110,4,147.66
2110,5,357.5
2110,6,917.73
2110,7,176.08
2110,8,598.98
2110,9,138.82
2110,10,0.36892
2110,11,20.307
2110,12,1.0558
2111,1,5.7322
2111,2,24.581
2111,3,42.114
2111,4,45.607
2111,5,234.05
2111,6,105.83
2111,7,81.149
2111,8,42.219
2111,9,14.629
2111,10,16.587
2111,11,13.339
2111,12,58.915
2112,1,0
2112,2,55.654
2112,3,3.0901
2112,4,0.20651
2112,5,19.055
2112,6,426.91
2112,7,265.37
2112,8,293.72
2112,9,227.28
2112,10,83.751
2112,11,91.368
2112,12,115.86
2113,1,0
2113,2,4.782
2113,3,1.9086
2113,4,27.706
2113,5,102.39
2113,6,247.63
2113,7,735.39
2113,8,140.45
2113,9,303.35
2113,10,233.38
2113,11,38.441
2113,12,0
2114,1,4.2386
2114,2,9.6528
2114,3,46.661
2114,4,151.51
2114,5,583.09
2114,6,220.99
2114,7,26.494
2114,8,89.914
2114,9,22.813
2114,10,22.657
2114,11,0.11528
2114,12,4.0116
2115,1,30.634
2115,2,3.4116
2115,3,5.8502
2115,4,88.246
2115,5,861.09
2115,6,278.79
2115,7,247.39
2115,8,183.43
2115,9,288.89
2115,10,102.86
2115,11,33.601
2115,12,80.459
2116,1,4.609
2116,2,11.102
2116,3,22.999
2116,4,51.799
2116,5,33.729
2116,6,100.02
2116,7,477.61
2116,8,125.35
2116,9,28.591
2116,10,182.94
2116,11,10.325
2116,12,101.67
2117,1,0
2117,2,0
2117,3,6.2561
2117,4,10.698
2117,5,65.619
2117,6,608.23
2117,7,566.26
2117,8,146.47
2117,9,188.27
2117,10,47.185
2117,11,196.31
2117,12,143.25
2118,1,1.3222
2118,2,0
2118,3,26.297
2118,4,0.035631
2118,5,119.26
2118,6,119.82
2118,7,34.744
2118,8,323.91
2118,9,152.8
2118,10,0
2118,11,7.0958
2118,12,30.982
2119,1,0
2119,2,10.552
2119,3,33.017
2119,4,183.4
2119,5,166.91
2119,6,509.98
2119,7,1037
2119,8,275.03
2119,9,91.568
2119,10,73.646
2119,11,38.918
2119,12,0
2120,1,28.544
2120,2,11.661
2120,3,43.429
2120,4,16.857
2120,5,419.78
2120,6,589.63
2120,7,440.88
2120,8,60.522
2120,9,128.36
2120,10,25.127
2120,11,177.25
2120,12,24.882
2121,1,31.533
2121,2,6.1627
2121,3,0.0034715
2121,4,110.92
2121,5,370.35
2121,6,533.23
2121,7,139.3
2121,8,226.57
2121,9,18.909
2121,10,160.5
2121,11,177.46
2121,12,15.196
2122,1,2.3534
2122,2,0
2122,3,17.976
2122,4,0.13625
2122,5,76.66
2122,6,397.26
2122,7,143.78
2122,8,238.06
2122,9,50.211
2122,10,19.037
2122,11,56.552
2122,12,69.771
2123,1,0.0058571
2123,2,2.1095
2123,3,2.7872
2123,4,98.904
2123,5,112.19
2123,6,616.92
2123,7,818.23
2123,8,195.93
2123,9,114.67
2123,10,72.072
2123,11,14.542
2123,12,0
2124,1,0
2124,2,70.886
2124,3,31.95
2124,4,73.586
2124,5,75.293
2124,6,472.51
2124,7,123.32
2124,8,162.34
2124,9,45.253
2124,10,32.655
2124,11,48.843
2124,12,0
2125,1,0
2125,2,0
2125,3,0.022451
2125,4,46.822
2125,5,466.7
2125,6,813.66
2125,7,61.283
2125,8,158.8
2125,9,131.56
2125,10,77.888
2125,11,5.2697
2125,12,0
2126,1,0
2126,2,5.4918
2126,3,7.6273
2126,4,35.895
2126,5,502.02
2126,6,776.25
2126,7,341.21
2126,8,292.49
2126,9,350.74
2126,10,27.012
2126,11,49.72
2126,12,19.551
2127,1,0
2127,2,0
2127,3,0.020464
2127,4,31.05
2127,5,530.98
2127,6,146.95
2127,7,334.12
2127,8,236.86
2127,9,95.341
2127,10,13.204
2127,11,13.778
2127,12,2.5374
2128,1,7.1957
2128,2,5.3928
2128,3,22.547
2128,4,38.104
2128,5,88.251
2128,6,269.99
2128,7,172.46
2128,8,388.59
2128,9,366.99
2128,10,92.365
2128,11,0.035191
2128,12,57.976
2129,1,0.52177
2129,2,12.835
2129,3,0.88644
2129,4,145.12
2129,5,306.97
2129,6,852.75
2129,7,324.69
2129,8,585.12
2129,9,272.86
2129,10,41.557
2129,11,0.062885
2129,12,49.359
2130,1,14.036
2130,2,0.081766
2130,3,12.055
2130,4,8.7625
2130,5,396.62
2130,6,339.09
2130,7,772.55
2130,8,231.62
2130,9,97.617
2130,10,40.02
2130,11,0.56101
2130,12,73.262
2131,1,0.010178
2131,2,6.3956
2131,3,0.076239
2131,4,10.011
2131,5,762.91
2131,6,273.85
2131,7,112.72
2131,8,124.27
2131,9,32.572
2131,10,62.816
2131,11,11.169
2131,12,68.377
2132,1,0
2132,2,0.0016213
2132,3,0
2132,4,190.17
2132,5,114.43
2132,6,717.59
2132,7,340.05
2132,8,118.35
2132,9,371.6
2132,10,109.77
2132,11,28.033
2132,12,128.15
2133,1,3.4141
2133,2,17.374
2133,3,71.597
2133,4,41.387
2133,5,1048
2133,6,307.59
2133,7,849.46
2133,8,549.29
2133,9,446.21
2133,10,38.433
2133,11,47.846
2133,12,84.052
2134,1,14.08
2134,2,6.9626
2134,3,1.1468
2134,4,28.872
2134,5,239.99
2134,6,118.71
2134,7,678.61
2134,8,39.605
2134,9,123.89
2134,10,43.903
2134,11,18.228
2134,12,0
2135,1,0
2135,2,4.4666
2135,3,11.161
2135,4,236.26
2135,5,409.67
2135,6,76.867
2135,7,266.11
2135,8,67.344
2135,9,59.353
2135,10,94.304
2135,11,7.8295
2135,12,62.865
2136,1,1.7979
2136,2,59.306
2136,3,0
2136,4,44.255
2136,5,90.503
2136,6,130.98
2136,7,563.13
2136,8,140.8
2136,9,107.99
2136,10,35.205
2136,11,49.693
2136,12,3.0723
2137,1,1.1137
2137,2,0
2137,3,0
2137,4,17.727
2137,5,423.63
2137,6,641.65
2137,7,81.137
2137,8,133.83
2137,9,248.72
2137,10,15.572
2137,11,3.9545
2137,12,3.1217
2138,1,0.0092476
2138,2,13.686
2138,3,0
2138,4,169.66
2138,5,62.106
2138,6,866.44
2138,7,290.59
2138,8,570.6
2138,9,132.72
2138,10,88.984
2138,11,25.15
2138,12,190.68
2139,1,27.256
2139,2,0
2139,3,0.39537
2139,4,167.69
2139,5,114.95
2139,6,282.35
2139,7,293.2
2139,8,60.139
2139,9,89.611
2139,10,0.37364
2139,11,0.26647
2139,12,56.627
2140,1,0.017443
2140,2,0
2140,3,135.52
2140,4,4.719
2140,5,145.1
2140,6,441.39
2140,7,51.605
2140,8,189.33
2140,9,33.333
2140,10,202.55
2140,11,32.379
2140,12,2.752
2141,1,33.311
2141,2,71.568
2141,3,9.1405
2141,4,366.57
2141,5,154.15
2141,6,66.423
2141,7,311.9
2141,8,74.916
2141,9,102.34
2141,10,77.905
2141,11,59.274
2141,12,174.75
2142,1,0
2142,2,0.26361
2142,3,2.9138
2142,4,0.15317
2142,5,376.61
2142,6,309.49
2142,7,258.91
2142,8,27.022
2142,9,48.544
2142,10,74.673
2142,11,23.296
2142,12,0
2143,1,2.5599
2143,2,8.7866
2143,3,43.853
2143,4,230
2143,5,105.7
2143,6,102.07
2143,7,361.92
2143,8,410.49
2143,9,112.33
2143,10,373.92
2143,11,48.814
2143,12,5.9695
2144,1,2.1152
2144,2,2.9932
2144,3,49.513
2144,4,187.61
2144,5,200.46
2144,6,452.66
2144,7,502.69
2144,8,50.26
2144,9,36.636
2144,10,34.244
2144,11,7.5279
2144,12,25.635
2145,1,6.5321
2145,2,0
2145,3,15.907
2145,4,107.4
2145,5,246.91
2145,6,665.94
2145,7,126.49
2145,8,115.2
2145,9,93.473
2145,10,44.46
2145,11,7.9959
2145,12,0
2146,1,0.010175
2146,2,12.25
2146,3,22.426
2146,4,23.351
2146,5,476.01
2146,6,290.79
2146,7,24.208
2146,8,52.134
2146,9,67.382
2146,10,195.66
2146,11,25.882
2146,12,0
2147,1,1.9285
2147,2,0
2147,3,30.595
2147,4,278.42
2147,5,80.309
2147,6,92.85
2147,7,735.24
2147,8,84.861
2147,9,43.813
2147,10,68.726
2147,11,36.336
2147,12,3.1531
2148,1,40.712
2148,2,15.865
2148,3,0.02519
2148,4,78.467
2148,5,238.68
2148,6,90.442
2148,7,564.91
2148,8,190.98
2148,9,105.89
2148,10,50.173
2148,11,19.847
2148,12,6.9429
2149,1,3.166
2149,2,9.252
2149,3,27.388
2149,4,126.72
2149,5,19.33
2149,6,657.69
2149,7,83.654
2149,8,25.593
2149,9,41.641
2149,10,68.452
2149,11,75.226
2149,12,2.8768
2150,1,0
2150,2,0
2150,3,22.129
2150,4,42.849
2150,5,463.24
2150,6,361.3
2150,7,324.97
2150,8,251.56
2150,9,72.157
2150,10,66.217
2150,11,0.039704
2150,12,57.753
2151,1,1.2268
2151,2,0
2151,3,24.297
2151,4,51.972
2151,5,465.46
2151,6,365.18
2151,7,434.04
2151,8,265.69
2151,9,19.854
2151,10,131.51
2151,11,2.2131
2151,12,0.31786
2152,1,0.012918
2152,2,6.0065
2152,3,41.13
2152,4,2.9417
2152,5,184.47
2152,6,584.29
2152,7,655.37
2152,8,57.298
2152,9,58.136
2152,10,71.506
2152,11,4.4027
2152,12,39.048
2153,1,0
2153,2,2.2153
2153,3,0
2153,4,50.118
2153,5,148.25
2153,6,633.02
2153,7,285.64
2153,8,264.6
2153,9,318.07
2153,10,27.326
2153,11,47.481
2153,12,34.75
2154,1,0
2154,2,2.6797
2154,3,0
2154,4,32.955
2154,5,403.71
2154,6,522.26
2154,7,614.89
2154,8,139.39
2154,9,36.454
2154,10,39.024
2154,11,19.399
2154,12,0
2155,1,0
2155,2,8.8654
2155,3,31.071
2155,4,29.938
2155,5,78.268
2155,6,74.498
2155,7,60.147
2155,8,418.46
2155,9,68.55
2155,10,211.85
2155,11,74.561
2155,12,3.7096
2156,1,15.139
2156,2,9.7834
2156,3,27.109
2156,4,63.34
2156,5,199.16
2156,6,644.75
2156,7,73.747
2156,8,217.82
2156,9,150.06
2156,10,1.0483
2156,11,208.13
2156,12,2.8073
2157,1,0
2157,2,4.4698
2157,3,5.6236
2157,4,210.5
2157,5,273.45
2157,6,314.12
2157,7,529.53
2157,8,110.82
2157,9,189.56
2157,10,52.424
2157,11,13.775
2157,12,0.0046099
2158,1,0
2158,2,6.645
2158,3,8.8622
2158,4,116.87
2158,5,532.74
2158,6,278.93
2158,7,136
2158,8,315.94
2158,9,318.94
2158,10,1.1265
2158,11,47.359
2158,12,24.484
2159,1,2.5069
2159,2,0.31143
2159,3,0
2159,4,109.9
2159,5,572.27
2159,6,335.79
2159,7,276.46
2159,8,193.96
2159,9,138.29
2159,10,30.754
2159,11,7.4515
2159,12,0.1153
2160,1,0.98818
2160,2,0
2160,3,6.9133
2160,4,36.18
2160,5,453.74
2160,6,101.88
2160,7,324
2160,8,156.07
2160,9,68.491
2160,10,40.177
2160,11,23.085
2160,12,1.8376
2161,1,0.21909
2161,2,0
2161,3,58.09
2161,4,0
2161,5,170.08
2161,6,325.26
2161,7,215.18
2161,8,71.926
2161,9,6.116
2161,10,74.336
2161,11,154.07
2161,12,24.928
2162,1,2.3927
2162,2,12.094
2162,3,0
2162,4,61.344
2162,5,352.32
2162,6,801.42
2162,7,295.18
2162,8,540.1
2162,9,8.2256
2162,10,128.64
2162,11,85.96
2162,12,4.7681
2163,1,0
2163,2,13.087
2163,3,12.676
2163,4,61.577
2163,5,177.3
2163,6,382.1
2163,7,133.53
2163,8,56.892
2163,9,451.55
2163,10,1.2164
2163,11,2.5358
2163,12,48.772
2164,1,0
2164,2,3.162
2164,3,2.0623
2164,4,36.658
2164,5,235.5
2164,6,645.75
2164,7,147.29
2164,8,47.319
2164,9,126.43
2164,10,232.25
2164,11,8.3389
2164,12,28.683
2165,1,0.62767
2165,2,0
2165,3,0.40788
2165,4,43.314
2165,5,416.4
2165,6,259.53
2165,7,328.43
2165,8,114.21
2165,9,96.91
2165,10,36.62
2165,11,37.489
2165,12,81.588
2166,1,0
2166,2,10.709
2166,3,15.544
2166,4,25.296
2166,5,653.13
2166,6,291.66
2166,7,408.86
2166,8,19.353
2166,9,187.04
2166,10,31.823
2166,11,43.33
2166,12,2.1721
2167,1,4.3457
2167,2,42.719
2167,3,0
2167,4,201.8
2167,5,490.02
2167,6,401.68
2167,7,350.49
2167,8,192.98
2167,9,32.508
2167,10,5.9084
2167,11,1.0741
2167,12,0
2168,1,4.4468
2168,2,2.2498
2168,3,0
2168,4,52.631
2168,5,286.24
2168,6,322.08
2168,7,591.09
2168,8,109.2
2168,9,218.02
2168,10,7.0364
2168,11,0.054652
2168,12,33.209
2169,1,1.2213
2169,2,10.288
2169,3,31.84
2169,4,129.04
2169,5,313.23
2169,6,442.67
2169,7,343.78
2169,8,244.31
2169,9,401.57
2169,10,260.28
2169,11,3.5785
2169,12,4.8036
2170,1,2.607
2170,2,0.5651
2170,3,15.815
2170,4,191.84
2170,5,839.54
2170,6,289.42
2170,7,78.946
2170,8,131.16
2170,9,31.219
2170,10,114.09
2170,11,30.59
2170,12,3.8206
2171,1,1.3551
2171,2,0
2171,3,6.7754
2171,4,70.356
2171,5,195.77
2171,6,362.63
2171,7,127.97
2171,8,21.827
2171,9,116.72
2171,10,82.403
2171,11,26.676
2171,12,42.717
2172,1,0
2172,2,1.163
2172,3,0
2172,4,13.368
2172,5,228.65
2172,6,187.72
2172,7,478.03
2172,8,58.308
2172,9,56.114
2172,10,83.013
2172,11,9.7501
2172,12,3.9504
2173,1,2.47
2173,2,3.505
2173,3,0.11967
2173,4,0.17059
2173,5,24.144
2173,6,123.12
2173,7,213.41
2173,8,149.67
2173,9,76.875
2173,10,182
2173,11,208.64
2173,12,67.807
2174,1,0.77138
2174,2,6.1398
2174,3,20.245
2174,4,347.04
2174,5,442.98
2174,6,280.96
2174,7,184.37
2174,8,70.169
2174,9,9.5318
2174,10,73.252
2174,11,5.3338
2174,12,0
2175,1,0
2175,2,9.8591
2175,3,2.2014
2175,4,125.29
2175,5,59.061
2175,6,408.72
2175,7,666.39
2175,8,156.36
2175,9,87.708
2175,10,28.12
2175,11,56.956
2175,12,6.5171
2176,1,20.705
2176,2,0.0073721
2176,3,26.2
2176,4,103.55
2176,5,366.23
2176,6,328.31
2176,7,481.26
2176,8,244.59
2176,9,66.865
2176,10,219.62
2176,11,8.6521
2176,12,1.4576
2177,1,31.204
2177,2,1.5104
2177,3,23.954
2177,4,35.892
2177,5,531.89
2177,6,147.6
2177,7,31.851
2177,8,115.88
2177,9,36.985
2177,10,215.12
2177,11,8.2885
2177,12,0
2178,1,5.8393
2178,2,0
2178,3,28.531
2178,4,106.83
2178,5,223.42
2178,6,614.66
2178,7,305.41
2178,8,499.14
2178,9,109.14
2178,10,203.62
2178,11,43.27
2178,12,87.317
2179,1,7.6739
2179,2,2.3193
2179,3,1.2622
2179,4,76.172
2179,5,78.023
2179,6,98.035
2179,7,282.04
2179,8,25.192
2179,9,188.62
2179,10,90.865
2179,11,4.532
2179,12,31.846
2180,1,10.544
2180,2,0
2180,3,36.094
2180,4,10.944
2180,5,552.25
2180,6,528.19
2180,7,49.611
2180,8,36.266
2180,9,9.6752
2180,10,3.8495
2180,11,0.022021
2180,12,0
2181,1,0
2181,2,50.079
2181,3,6.8555
2181,4,294.54
2181,5,269.15
2181,6,196.67
2181,7,339.82
2181,8,375.39
2181,9,148.61
2181,10,225.03
2181,11,34.205
2181,12,3.2694
2182,1,5.1776
2182,2,27.881
2182,3,0.60346
2182,4,27.634
2182,5,363.4
2182,6,270.05
2182,7,414.06
2182,8,73.531
2182,9,20.116
2182,10,17.685
2182,11,177.71
2182,12,1.8678
2183,1,0
2183,2,1.0519
2183,3,0
2183,4,123.72
2183,5,220.78
2183,6,118.14
2183,7,425.54
2183,8,59.64
2183,9,160.74
2183,10,6.0624
2183,11,77.678
2183,12,0
2184,1,0
2184,2,0
2184,3,3.3262
2184,4,12.047
2184,5,599.04
2184,6,312.15
2184,7,421.96
2184,8,217.43
2184,9,30.807
2184,10,66.422
2184,11,21.41
2184,12,0.061065
2185,1,35.569
2185,2,3.5266
2185,3,0
2185,4,232.33
2185,5,125.97
2185,6,288.35
2185,7,227.63
2185,8,268.9
2185,9,63.383
2185,10,20.201
2185,11,64.522
2185,12,61.108
2186,1,0.82341
2186,2,0
2186,3,20.903
2186,4,141.18
2186,5,495.33
2186,6,948.87
2186,7,368.29
2186,8,276.14
2186,9,120.5
2186,10,300.9
2186,11,28.064
2186,12,18.894
2187,1,0.15185
2187,2,3.3537
2187,3,0.13104
2187,4,7.5497
2187,5,335.93
2187,6,240.81
2187,7,236.82
2187,8,104.56
2187,9,12.313
2187,10,49.022
2187,11,109.03
2187,12,0.10582
2188,1,0
2188,2,4.1008
2188,3,9.1312
2188,4,69.877
2188,5,148.19
2188,6,128.77
2188,7,460.53
2188,8,170.11
2188,9,255.89
2188,10,46.289
2188,11,18.253
2188,12,16.475
2189,1,37.337
2189,2,45.308
2189,3,0.11152
2189,4,31.469
2189,5,499.57
2189,6,323.28
2189,7,388.17
2189,8,422.65
2189,9,307.23
2189,10,127.18
2189,11,40.714
2189,12,0
2190,1,0.056242
2190,2,0
2190,3,81.741
2190,4,46.297
2190,5,159.39
2190,6,156.97
2190,7,204.52
2190,8,87.704
2190,9,50.637
2190,10,52.422
2190,11,35.65
2190,12,4.0541
2191,1,10.03
2191,2,13.001
2191,3,22.699
2191,4,44.497
2191,5,15.902
2191,6,358.23
2191,7,144.35
2191,8,116.69
2191,9,54.475
2191,10,0.91575
2191,11,1.4736
2191,12,6.4242
2192,1,2.0748
2192,2,5.4217
2192,3,5.8115
2192,4,11.728
2192,5,441.28
2192,6,105.01
2192,7,270.42
2192,8,176.84
2192,9,82.601
2192,10,170.82
2192,11,201.64
2192,12,0
2193,1,0
2193,2,12.5
2193,3,16.79
2193,4,121.49
2193,5,184.81
2193,6,244.03
2193,7,320.33
2193,8,89.318
2193,9,139.47
2193,10,31.292
2193,11,2.1402
2193,12,0
2194,1,0
2194,2,0
2194,3,9.0326
2194,4,116.66
2194,5,205.34
2194,6,392.65
2194,7,125.23
2194,8,497.29
2194,9,162.85
2194,10,238.2
2194,11,0
2194,12,2.974
2195,1,9.4279
2195,2,0
2195,3,67.247
2195,4,318.08
2195,5,411.29
2195,6,484.04
2195,7,363.55
2195,8,42.064
2195,9,320.92
2195,10,208.21
2195,11,40.199
2195,12,106.87
2196,1,1.9995
2196,2,0.025854
2196,3,0
2196,4,93.413
2196,5,819.09
2196,6,588.02
2196,7,134.18
2196,8,442.27
2196,9,43.42
2196,10,46.975
2196,11,1.1711
2196,12,4.8276
2197,1,0.0002731
2197,2,0.47169
2197,3,0
2197,4,56.685
2197,5,13.179
2197,6,334.37
2197,7,688.77
2197,8,105.9
2197,9,114.21
2197,10,77.84
2197,11,16.095
2197,12,0
2198,1,1.5528
2198,2,0.024531
2198,3,31.032
2198,4,18.587
2198,5,762.21
2198,6,482.62
2198,7,576.24
2198,8,175.02
2198,9,298.95
2198,10,26.448
2198,11,163.49
2198,12,81.077
2199,1,1.4128
2199,2,12.02
2199,3,2.9873
2199,4,216.5
2199,5,119.97
2199,6,505.63
2199,7,343.21
2199,8,151.72
2199,9,8.4023
2199,10,71.76
2199,11,0.81169
2199,12,27.245
2200,1,0
2200,2,1.4362
2200,3,0.0038655
2200,4,161.77
2200,5,181.62
2200,6,122.05
2200,7,141.55
2200,8,72.774
2200,9,17.85
2200,10,40.856
2200,11,10.975
2200,12,0
