2000,1,0.89263
2000,2,62.569
2000,3,14.544
2000,4,58.128
2000,5,135.38
2000,6,541.45
2000,7,276.31
2000,8,88.993
2000,9,62.216
2000,10,152.12
2000,11,28.004
2000,12,35.593
2001,1,2.491
2001,2,28.977
2001,3,17.519
2001,4,13.336
2001,5,23.673
2001,6,517.76
2001,7,357.07
2001,8,464.85
2001,9,83.165
2001,10,137.54
2001,11,55.833
2001,12,107.17
2002,1,1.9245
2002,2,4.5833
2002,3,7.9626
2002,4,147.67
2002,5,313.32
2002,6,497
2002,7,245.03
2002,8,79.792
2002,9,224.77
2002,10,45.674
2002,11,134.95
2002,12,11.226
2003,1,45.651
2003,2,2.9227
2003,3,1.6204
2003,4,31.391
2003,5,397.94
2003,6,469.03
2003,7,118.57
2003,8,67.697
2003,9,178
2003,10,184.52
2003,11,115.31
2003,12,94.247
2004,1,44
2004,2,53.336
2004,3,15.643
2004,4,75.034
2004,5,405.92
2004,6,79.976
2004,7,548.19
2004,8,68.072
2004,9,189.85
2004,10,57.74
2004,11,202.58
2004,12,181.74
2005,1,0
2005,2,0.15532
2005,3,0.23691
2005,4,50.922
2005,5,310.94
2005,6,423.45
2005,7,229.55
2005,8,331.67
2005,9,207.22
2005,10,68.368
2005,11,61.05
2005,12,52.557
2006,1,20.448
2006,2,4.6368
2006,3,0.27069
2006,4,54.034
2006,5,186.71
2006,6,64.24
2006,7,623.21
2006,8,37.054
2006,9,80.121
2006,10,200.3
2006,11,4.7696
2006,12,60.647
2007,1,1.7612
2007,2,7.2679
2007,3,9.3589
2007,4,70.716
2007,5,178.29
2007,6,519.4
2007,7,290.29
2007,8,154.58
2007,9,81.659
2007,10,66.827
2007,11,20.881
2007,12,51.439
2008,1,3.2674
2008,2,1.0241
2008,3,8.6537
2008,4,18.697
2008,5,128.23
2008,6,377.01
2008,7,261.92
2008,8,311.84
2008,9,28.539
2008,10,104.35
2008,11,32.967
2008,12,25.129
2009,1,13.006
2009,2,0
2009,3,11.401
2009,4,180.67
2009,5,187.53
2009,6,162.28
2009,7,176.71
2009,8,67.581
2009,9,122.63
2009,10,58.714
2009,11,57.011
2009,12,57.166
2010,1,38.372
2010,2,0.19986
2010,3,31.498
2010,4,46.345
2010,5,382.73
2010,6,264.24
2010,7,211.9
2010,8,219.99
2010,9,239.18
2010,10,58.644
2010,11,149.32
2010,12,41.399
2011,1,38.552
2011,2,1.5827
2011,3,3.0216
2011,4,94.037
2011,5,346.57
2011,6,261.06
2011,7,181.88
2011,8,490.75
2011,9,18.531
2011,10,190.74
2011,11,2.2751
2011,12,22.449
2012,1,0
2012,2,0.11376
2012,3,0
2012,4,5.9696
2012,5,90.459
2012,6,419.32
2012,7,289.88
2012,8,48.172
2012,9,57.306
2012,10,129.04
2012,11,40.453
2012,12,0
2013,1,6.027
2013,2,1.5444
2013,3,3.2983
2013,4,151.29
2013,5,84.182
2013,6,269.3
2013,7,237.61
2013,8,199.29
2013,9,142.39
2013,10,164.77
2013,11,46.565
2013,12,39.105
2014,1,0.21979
2014,2,12.221
2014,3,1.6958
2014,4,103.78
2014,5,168.68
2014,6,323.43
2014,7,228.17
2014,8,26.044
2014,9,44.098
2014,10,111.36
2014,11,3.3246
2014,12,46.739
2015,1,0
2015,2,0
2015,3,45.005
2015,4,79.324
2015,5,305.25
2015,6,276.3
2015,7,121.28
2015,8,73.654
2015,9,50.942
2015,10,147.95
2015,11,44.843
2015,12,0
2016,1,5.9703
2016,2,7.6407
2016,3,8.2014
2016,4,3.0395
2016,5,30.912
2016,6,84.106
2016,7,632.28
2016,8,379.44
2016,9,55.583
2016,10,60.474
2016,11,16.672
2016,12,154.65
2017,1,1.5773
2017,2,10.147
2017,3,14.061
2017,4,63.171
2017,5,334.39
2017,6,523.62
2017,7,280.11
2017,8,140.3
2017,9,80.344
2017,10,184.89
2017,11,123.15
2017,12,88.937
2018,1,7.0005
2018,2,0
2018,3,0.0090523
2018,4,117.36
2018,5,347.31
2018,6,191.07
2018,7,318.2
2018,8,285.72
2018,9,9.4767
2018,10,3.4881
2018,11,32.23
2018,12,3.929
2019,1,1.7378
2019,2,3.4455
2019,3,7.6085
2019,4,23.942
2019,5,378.42
2019,6,68.941
2019,7,425.14
2019,8,283.88
2019,9,121.7
2019,10,114.06
2019,11,87.194
2019,12,5.407
2020,1,0
2020,2,0
2020,3,1.2571
2020,4,115.59
2020,5,108.09
2020,6,480.5
2020,7,106.05
2020,8,210.52
2020,9,147.76
2020,10,44.847
2020,11,68.66
2020,12,0.1032
2021,1,46.618
2021,2,2.5951
2021,3,0.19108
2021,4,150.83
2021,5,104.06
2021,6,377.34
2021,7,285.83
2021,8,240.73
2021,9,111.59
2021,10,161.41
2021,11,44.348
2021,12,6.7969
2022,1,9.1385
2022,2,10.291
2022,3,52.288
2022,4,22.011
2022,5,84.242
2022,6,497.33
2022,7,201
2022,8,308.13
2022,9,194.35
2022,10,92.342
2022,11,11.051
2022,12,135.43
2023,1,1.6926
2023,2,1.9821
2023,3,4.9585
2023,4,176.55
2023,5,245.11
2023,6,249.28
2023,7,191.49
2023,8,141.01
2023,9,45.906
2023,10,105.48
2023,11,2.1251
2023,12,0
2024,1,0
2024,2,0.10001
2024,3,0.95671
2024,4,108.61
2024,5,42.424
2024,6,270.5
2024,7,273.29
2024,8,172.1
2024,9,120.45
2024,10,23.48
2024,11,11.5
2024,12,0
2025,1,1.5384
2025,2,14.434
2025,3,12.27
2025,4,17.015
2025,5,257.18
2025,6,236.27
2025,7,458.04
2025,8,56.321
2025,9,213.84
2025,10,148.84
2025,11,116.83
2025,12,40.933
2026,1,6.5518
2026,2,2.2178
2026,3,0.011648
2026,4,75.693
2026,5,438.55
2026,6,171.33
2026,7,271.9
2026,8,373.07
2026,9,95.692
2026,10,17.61
2026,11,5.2473
2026,12,68.593
2027,1,0.8046
2027,2,5.2996
2027,3,1.5315
2027,4,169.42
2027,5,270.06
2027,6,229.36
2027,7,263.24
2027,8,41.002
2027,9,126.64
2027,10,77.529
2027,11,142.68
2027,12,12.765
2028,1,0
2028,2,0.36369
2028,3,4.1885
2028,4,202.63
2028,5,280.6
2028,6,390.48
2028,7,237.97
2028,8,116.18
2028,9,266.33
2028,10,64.604
2028,11,110.56
2028,12,47.851
2029,1,1.0424
2029,2,3.4691
2029,3,36.372
2029,4,22.421
2029,5,340.39
2029,6,483.09
2029,7,404.25
2029,8,68.903
2029,9,58.453
2029,10,150.55
2029,11,24.765
2029,12,13.103
2030,1,2.0441
2030,2,15.481
2030,3,17.364
2030,4,26.405
2030,5,232.91
2030,6,114.02
2030,7,443.43
2030,8,418.9
2030,9,20.683
2030,10,27.447
2030,11,44.917
2030,12,0.11629
2031,1,0
2031,2,0
2031,3,1.4121
2031,4,129.16
2031,5,183.64
2031,6,247.7
2031,7,373.39
2031,8,114.33
2031,9,147.92
2031,10,23.517
2031,11,23.554
2031,12,7.6214
2032,1,0
2032,2,0
2032,3,0.15678
2032,4,2.0187
2032,5,144.53
2032,6,328.2
2032,7,241.37
2032,8,160.58
2032,9,58.974
2032,10,67.883
2032,11,10.536
2032,12,17.525
2033,1,11.391
2033,2,12.746
2033,3,20.114
2033,4,400.7
2033,5,133.89
2033,6,209.85
2033,7,71.965
2033,8,29.093
2033,9,32.065
2033,10,72.993
2033,11,46.242
2033,12,3.854
2034,1,0.59104
2034,2,0.76516
2034,3,51.77
2034,4,75.976
2034,5,230.59
2034,6,461.31
2034,7,496.45
2034,8,74.373
2034,9,43.302
2034,10,116.94
2034,11,39.057
2034,12,91.455
2035,1,3.7809
2035,2,0
2035,3,5.9566
2035,4,104.81
2035,5,410.28
2035,6,292.17
2035,7,166.61
2035,8,303.15
2035,9,74.545
2035,10,21.383
2035,11,6.968
2035,12,0
2036,1,0.83228
2036,2,0
2036,3,33.422
2036,4,13.704
2036,5,222.51
2036,6,199.69
2036,7,342.93
2036,8,47.072
2036,9,104.48
2036,10,69.113
2036,11,26.234
2036,12,35.93
2037,1,1.6163
2037,2,3.7919
2037,3,16.297
2037,4,44.206
2037,5,340.69
2037,6,258.28
2037,7,90.674
2037,8,141.97
2037,9,73.792
2037,10,105.4
2037,11,15.327
2037,12,47.125
2038,1,0.72875
2038,2,4.7191
2038,3,0.28254
2038,4,68.848
2038,5,434.14
2038,6,133.65
2038,7,173.42
2038,8,180.54
2038,9,233.18
2038,10,80.908
2038,11,17.635
2038,12,0.084965
2039,1,0
2039,2,29.94
2039,3,0
2039,4,326.61
2039,5,108.77
2039,6,123.34
2039,7,390.14
2039,8,198.91
2039,9,124.37
2039,10,152.25
2039,11,40.119
2039,12,2.6643
2040,1,7.2979
2040,2,19.621
2040,3,2.1496
2040,4,62.069
2040,5,221.43
2040,6,319.91
2040,7,178.09
2040,8,125.43
2040,9,109.59
2040,10,200.53
2040,11,7.9632
2040,12,6.5202
2041,1,37.111
2041,2,2.4069
2041,3,0.31192
2041,4,2.8512
2041,5,57.559
2041,6,57.499
2041,7,295.26
2041,8,109.23
2041,9,247.7
2041,10,41.436
2041,11,56.081
2041,12,0
2042,1,8.1212
2042,2,30.928
2042,3,0.29198
2042,4,23.645
2042,5,108.72
2042,6,550.19
2042,7,182.28
2042,8,203.82
2042,9,70.224
2042,10,108.5
2042,11,24.89
2042,12,0
2043,1,1.9764
2043,2,15.94
2043,3,7.1956
2043,4,69.947
2043,5,488.16
2043,6,433
2043,7,108.73
2043,8,136.51
2043,9,43.731
2043,10,107
2043,11,1.5686
2043,12,33.545
2044,1,6.5148
2044,2,62.103
2044,3,12.815
2044,4,197.49
2044,5,420.43
2044,6,486.47
2044,7,542.06
2044,8,128.21
2044,9,105.16
2044,10,79.354
2044,11,44.775
2044,12,10.909
2045,1,7.0725
2045,2,0.29418
2045,3,0.1837
2045,4,37.79
2045,5,58.245
2045,6,44.951
2045,7,241.11
2045,8,395.41
2045,9,52.73
2045,10,102.13
2045,11,47.753
2045,12,0
2046,1,0.91325
2046,2,0
2046,3,16.578
2046,4,21.863
2046,5,86.234
2046,6,294.25
2046,7,173.24
2046,8,75.295
2046,9,41.157
2046,10,141.34
2046,11,94.808
2046,12,14.374
2047,1,0.57708
2047,2,0
2047,3,32.122
2047,4,22.85
2047,5,84.296
2047,6,415.41
2047,7,181.77
2047,8,212.98
2047,9,268.03
2047,10,39.448
2047,11,51.518
2047,12,10.136
2048,1,7.1819
2048,2,0.26037
2048,3,70.649
2048,4,50.413
2048,5,109.03
2048,6,101.04
2048,7,155.18
2048,8,487.83
2048,9,107.34
2048,10,185.74
2048,11,48.241
2048,12,40.647
2049,1,2.4967
2049,2,0
2049,3,0.23499
2049,4,18.338
2049,5,428.29
2049,6,40.637
2049,7,177.8
2049,8,104.37
2049,9,221.29
2049,10,55.196
2049,11,40.073
2049,12,0.03027
2050,1,0
2050,2,11.118
2050,3,19.916
2050,4,26.115
2050,5,127.05
2050,6,466.88
2050,7,59.518
2050,8,301.14
2050,9,70.091
2050,10,92.4
2050,11,76.965
2050,12,72.983
2051,1,0
2051,2,0
2051,3,0
2051,4,33.246
2051,5,430.38
2051,6,219.07
2051,7,483.91
2051,8,191.35
2051,9,179
2051,10,106.03
2051,11,96.035
2051,12,7.7082
2052,1,1.3733
2052,2,0
2052,3,2.8505
2052,4,3.7759
2052,5,77.312
2052,6,49.128
2052,7,454.87
2052,8,105.49
2052,9,139.94
2052,10,152.31
2052,11,132.79
2052,12,0
2053,1,0
2053,2,11.923
2053,3,14.017
2053,4,6.1793
2053,5,328.4
2053,6,305.34
2053,7,346.89
2053,8,145.85
2053,9,96.865
2053,10,19.012
2053,11,6.0842
2053,12,16.044
2054,1,3.8556
2054,2,8.346
2054,3,22.193
2054,4,1.1773
2054,5,182.8
2054,6,135.28
2054,7,159.08
2054,8,224.3
2054,9,144.22
2054,10,77.893
2054,11,35.244
2054,12,0.053513
2055,1,19.243
2055,2,9.5949
2055,3,29.51
2055,4,274.78
2055,5,138.41
2055,6,348.24
2055,7,153.43
2055,8,24.633
2055,9,54.594
2055,10,29.491
2055,11,16.81
2055,12,0
2056,1,1.4655
2056,2,0
2056,3,8.2719
2056,4,98.058
2056,5,92.895
2056,6,275.43
2056,7,283.99
2056,8,116.95
2056,9,225.98
2056,10,58.885
2056,11,6.3131
2056,12,110.16
2057,1,0.93627
2057,2,0
2057,3,19.29
2057,4,191.38
2057,5,100.86
2057,6,340.89
2057,7,9.3866
2057,8,23.273
2057,9,85.74
2057,10,74.849
2057,11,1.0617
2057,12,7.7546
2058,1,0
2058,2,17.573
2058,3,1.9263
2058,4,72.483
2058,5,344.37
2058,6,285.17
2058,7,107.71
2058,8,180.12
2058,9,31.569
2058,10,24.626
2058,11,85.096
2058,12,84.277
2059,1,0.8422
2059,2,0
2059,3,5.6524
2059,4,41.838
2059,5,83.022
2059,6,101.98
2059,7,85.291
2059,8,269.76
2059,9,195.2
2059,10,120.13
2059,11,83.892
2059,12,0
2060,1,0
2060,2,0
2060,3,10.571
2060,4,77.4
2060,5,452.22
2060,6,230.61
2060,7,216.11
2060,8,68.456
2060,9,226.63
2060,10,136.11
2060,11,43.67
2060,12,2.6306
2061,1,35.471
2061,2,2.15
2061,3,1.4571
2061,4,23.638
2061,5,347.46
2061,6,489.47
2061,7,474.88
2061,8,24.4
2061,9,124.64
2061,10,158.94
2061,11,43.255
2061,12,0.079026
2062,1,26.053
2062,2,0
2062,3,57.334
2062,4,56.944
2062,5,377.9
2062,6,248.86
2062,7,178.8
2062,8,179.04
2062,9,232.23
2062,10,45.413
2062,11,113.22
2062,12,6.8722
2063,1,42.151
2063,2,0
2063,3,64.478
2063,4,15.186
2063,5,177.08
2063,6,306.08
2063,7,439.88
2063,8,135.31
2063,9,73.882
2063,10,24.209
2063,11,42.554
2063,12,5.9508
2064,1,0
2064,2,1.7687
2064,3,14.018
2064,4,17.434
2064,5,290.32
2064,6,254.18
2064,7,309.83
2064,8,125.35
2064,9,90.827
2064,10,18.172
2064,11,1.3781
2064,12,0
2065,1,0.089202
2065,2,15.45
2065,3,20.229
2065,4,223.73
2065,5,294.97
2065,6,320.68
2065,7,78.292
2065,8,29.142
2065,9,66.829
2065,10,29.062
2065,11,2.2783
2065,12,0
2066,1,23.915
2066,2,0
2066,3,65.524
2066,4,82.531
2066,5,291.3
2066,6,409.66
2066,7,230.53
2066,8,25.377
2066,9,88.822
2066,10,0.77679
2066,11,3.527
2066,12,3.2448
2067,1,6.3616
2067,2,0
2067,3,30.832
2067,4,99.056
2067,5,225.08
2067,6,179.53
2067,7,250.06
2067,8,77.395
2067,9,58.897
2067,10,15.75
2067,11,33.606
2067,12,156.92
2068,1,2.9035
2068,2,6.4526
2068,3,66.162
2068,4,163.98
2068,5,107.9
2068,6,67.989
2068,7,123.23
2068,8,535.69
2068,9,38.915
2068,10,71.051
2068,11,16.725
2068,12,137.62
2069,1,2.8882
2069,2,61.642
2069,3,22.397
2069,4,42.82
2069,5,114.16
2069,6,641.63
2069,7,289.54
2069,8,75.936
2069,9,104.1
2069,10,46.409
2069,11,14.647
2069,12,0.27613
2070,1,17.513
2070,2,69.813
2070,3,12.094
2070,4,95.149
2070,5,175.34
2070,6,260.39
2070,7,283.57
2070,8,297.91
2070,9,46.193
2070,10,43.697
2070,11,16.12
2070,12,10.892
2071,1,0
2071,2,0
2071,3,28.328
2071,4,58.332
2071,5,288.01
2071,6,266.6
2071,7,498.54
2071,8,157.78
2071,9,72.382
2071,10,69.894
2071,11,98.239
2071,12,0.5874
2072,1,0
2072,2,2.477
2072,3,1.6106
2072,4,1.8134
2072,5,321.62
2072,6,299.8
2072,7,79.836
2072,8,146.08
2072,9,17.741
2072,10,6.209
2072,11,10.043
2072,12,0
2073,1,0
2073,2,0
2073,3,4.1608
2073,4,41.239
2073,5,135.72
2073,6,310.86
2073,7,92.62
2073,8,161.66
2073,9,56.628
2073,10,31.19
2073,11,11.498
2073,12,8.0007
2074,1,0
2074,2,0
2074,3,9.2941
2074,4,304.29
2074,5,194.32
2074,6,82.383
2074,7,196.23
2074,8,25.357
2074,9,298.89
2074,10,25.451
2074,11,69.009
2074,12,63.143
2075,1,0.023392
2075,2,0.22209
2075,3,12.435
2075,4,93.576
2075,5,301.13
2075,6,244.49
2075,7,233.29
2075,8,209.15
2075,9,132.35
2075,10,120.96
2075,11,72.236
2075,12,3.5187
2076,1,3.6027
2076,2,2.7482
2076,3,3.4483
2076,4,209.12
2076,5,347.98
2076,6,57.377
2076,7,120.61
2076,8,234.17
2076,9,60.221
2076,10,197.93
2076,11,38.276
2076,12,24.262
2077,1,4.9514
2077,2,6.6667
2077,3,5.3891
2077,4,92.86
2077,5,155.49
2077,6,85.817
2077,7,400.43
2077,8,70.739
2077,9,115.59
2077,10,66.215
2077,11,37.486
2077,12,1.091
2078,1,0
2078,2,0
2078,3,34.701
2078,4,19.809
2078,5,506.73
2078,6,249.78
2078,7,319.52
2078,8,38.304
2078,9,13.364
2078,10,6.0648
2078,11,2.3623
2078,12,0
2079,1,0.9414
2079,2,18.365
2079,3,73.497
2079,4,1.2801
2079,5,172.92
2079,6,131.04
2079,7,222.78
2079,8,304.8
2079,9,45.171
2079,10,12.265
2079,11,13.038
2079,12,16.334
2080,1,23.594
2080,2,0.26375
2080,3,10.575
2080,4,21.218
2080,5,173.14
2080,6,489.8
2080,7,138.29
2080,8,217.63
2080,9,79.712
2080,10,167.13
2080,11,3.9147
2080,12,3.8018
2081,1,34.117
2081,2,2.3327
2081,3,18.68
2081,4,73.946
2081,5,235.28
2081,6,305.99
2081,7,362.91
2081,8,140.67
2081,9,27.179
2081,10,141.88
2081,11,43.016
2081,12,8.179
2082,1,10.873
2082,2,0
2082,3,26.318
2082,4,56.119
2082,5,107.17
2082,6,478.96
2082,7,75.337
2082,8,95.527
2082,9,31.13
2082,10,83.482
2082,11,63.74
2082,12,64.195
2083,1,1.6413
2083,2,7.478
2083,3,31.014
2083,4,55.706
2083,5,151.5
2083,6,427.26
2083,7,58.364
2083,8,120.24
2083,9,114.34
2083,10,107.18
2083,11,33.766
2083,12,0
2084,1,0
2084,2,0.017683
2084,3,12.3
2084,4,75.132
2084,5,164.54
2084,6,161.27
2084,7,442.28
2084,8,297.76
2084,9,87.651
2084,10,81.563
2084,11,44.943
2084,12,102.44
2085,1,1.7853
2085,2,0
2085,3,6.4868
2085,4,72.312
2085,5,297.7
2085,6,378.44
2085,7,171.75
2085,8,56.757
2085,9,67.516
2085,10,63.869
2085,11,44.766
2085,12,14.244
2086,1,52.42
2086,2,4.0457
2086,3,2.6425
2086,4,9.9783
2086,5,633.6
2086,6,46.985
2086,7,372.35
2086,8,25.215
2086,9,128.32
2086,10,139.09
2086,11,44.567
2086,12,11.866
2087,1,0.48307
2087,2,6.9893
2087,3,25.627
2087,4,18.796
2087,5,121.37
2087,6,41.847
2087,7,214.13
2087,8,105.15
2087,9,317.38
2087,10,187.76
2087,11,88.998
2087,12,0
2088,1,0.99837
2088,2,21.819
2088,3,2.2008
2088,4,118.96
2088,5,37.953
2088,6,456.46
2088,7,68.088
2088,8,144.27
2088,9,87.252
2088,10,32.32
2088,11,9.945
2088,12,97.266
2089,1,0.85616
2089,2,0
2089,3,0.05247
2089,4,74.427
2089,5,264.29
2089,6,328.78
2089,7,407.15
2089,8,69.961
2089,9,32.113
2089,10,24.111
2089,11,6.1931
2089,12,4.9038
2090,1,0
2090,2,0
2090,3,2.6467
2090,4,89.894
2090,5,59.483
2090,6,196.91
2090,7,39.376
2090,8,170.45
2090,9,271.88
2090,10,98.722
2090,11,45.865
2090,12,56.337
2091,1,0
2091,2,3.181
2091,3,0.22435
2091,4,47.482
2091,5,450.96
2091,6,229.12
2091,7,506.29
2091,8,206.3
2091,9,65.201
2091,10,68.941
2091,11,29.651
2091,12,6.4337
2092,1,8.3913
2092,2,78.258
2092,3,10.004
2092,4,29.296
2092,5,137.72
2092,6,361.4
2092,7,107.4
2092,8,191.19
2092,9,24.47
2092,10,256.22
2092,11,45.896
2092,12,1.2856
2093,1,7.911
2093,2,1.6697
2093,3,15.868
2093,4,35.76
2093,5,546.94
2093,6,93.339
2093,7,186.93
2093,8,230.94
2093,9,82.061
2093,10,41.062
2093,11,7.7356
2093,12,0.16921
2094,1,69.007
2094,2,0
2094,3,0.13706
2094,4,52.963
2094,5,215.96
2094,6,200.25
2094,7,259.21
2094,8,33.327
2094,9,296.22
2094,10,72.711
2094,11,17.023
2094,12,9.5509
2095,1,0
2095,2,0.039275
2095,3,1.5246
2095,4,135.81
2095,5,95.122
2095,6,450.84
2095,7,131.09
2095,8,60.494
2095,9,183.61
2095,10,186.69
2095,11,110.57
2095,12,38.998
2096,1,0
2096,2,0
2096,3,20.576
2096,4,17.449
2096,5,58.357
2096,6,120.86
2096,7,379.21
2096,8,208.07
2096,9,264.16
2096,10,38.4
2096,11,36.116
2096,12,0.24269
2097,1,2.3878
2097,2,0
2097,3,0.27698
2097,4,86.175
2097,5,84.421
2097,6,105.41
2097,7,314.22
2097,8,33.882
2097,9,75.997
2097,10,175.23
2097,11,19.58
2097,12,11.613
2098,1,23.986
2098,2,1.7845
2098,3,0
2098,4,71.545
2098,5,123.79
2098,6,86.709
2098,7,82.879
2098,8,40.827
2098,9,86.065
2098,10,58.397
2098,11,1.9164
2098,12,96.817
2099,1,0.58114
2099,2,0
2099,3,0.14125
2099,4,61.087
2099,5,199.53
2099,6,394.91
2099,7,193.58
2099,8,165.84
2099,9,138.43
2099,10,116.78
2099,11,29.078
2099,12,5.3402
2100,1,8.7689
2100,2,50.045
2100,3,27.348
2100,4,167.7
2100,5,334.64
2100,6,62.942
2100,7,201.19
2100,8,241.88
2100,9,159.48
2100,10,26.657
2100,11,55.682
2100,12,0
2101,1,0
2101,2,0
2101,3,10.497
2101,4,80.906
2101,5,94.086
2101,6,266.32
2101,7,400.95
2101,8,17.386
2101,9,49.633
2101,10,59.205
2101,11,3.2313
2101,12,0.035555
2102,1,0
2102,2,0.16311
2102,3,67.414
2102,4,25.23
2102,5,166.25
2102,6,114.65
2102,7,171.55
2102,8,44.733
2102,9,279.12
2102,10,65.762
2102,11,6.3021
2102,12,0
2103,1,0.1735
2103,2,0
2103,3,0.31843
2103,4,206.91
2103,5,369.66
2103,6,245.87
2103,7,141.27
2103,8,120.52
2103,9,58.185
2103,10,141.33
2103,11,10.059
2103,12,113.12
2104,1,11.039
2104,2,11.945
2104,3,50.955
2104,4,152.72
2104,5,120.94
2104,6,149.34
2104,7,311.25
2104,8,126.74
2104,9,252.3
2104,10,208.32
2104,11,98.458
2104,12,60.737
2105,1,33.046
2105,2,3.7192
2105,3,0.24871
2105,4,26.643
2105,5,63.037
2105,6,270.36
2105,7,476.97
2105,8,81.1
2105,9,271.49
2105,10,143.42
2105,11,52.488
2105,12,0
2106,1,0
2106,2,14.465
2106,3,14.748
2106,4,8.5348
2106,5,329.75
2106,6,482.47
2106,7,230.9
2106,8,37.838
2106,9,104.8
2106,10,42.812
2106,11,13.707
2106,12,6.5296
2107,1,0
2107,2,5.5012
2107,3,39.514
2107,4,235.9
2107,5,109.85
2107,6,513.65
2107,7,113.72
2107,8,172.27
2107,9,70.942
2107,10,54.065
2107,11,1.5345
2107,12,50.828
2108,1,0.68701
2108,2,5.0395
2108,3,50.137
2108,4,281.83
2108,5,54.668
2108,6,181.2
2108,7,356.07
2108,8,234.16
2108,9,68.603
2108,10,141.04
2108,11,24.711
2108,12,123.37
2109,1,9.9642
2109,2,30.444
2109,3,29.817
2109,4,15.862
2109,5,416.58
2109,6,360.53
2109,7,240.47
2109,8,118.39
2109,9,155.93
2109,10,59.684
2109,11,45.952
2109,12,35.373
2110,1,0.50995
2110,2,0
2110,3,14.27
2110,4,95.75
2110,5,99.968
2110,6,196.41
2110,7,278.24
2110,8,96.317
2110,9,41.689
2110,10,59.35
2110,11,38.398
2110,12,106.91
2111,1,7.357
2111,2,0.030493
2111,3,0.16429
2111,4,0
2111,5,123
2111,6,56.679
2111,7,576.62
2111,8,260.3
2111,9,149.79
2111,10,81.372
2111,11,20.692
2111,12,0
2112,1,0
2112,2,4.5253
2112,3,11.726
2112,4,6.8623
2112,5,142.64
2112,6,84.599
2112,7,450.08
2112,8,166.83
2112,9,73.893
2112,10,125.58
2112,11,1.1539
2112,12,4.3055
2113,1,1.2802
2113,2,0.40762
2113,3,74.732
2113,4,116.09
2113,5,42.808
2113,6,456.14
2113,7,437.16
2113,8,200.98
2113,9,31.969
2113,10,130.74
2113,11,47.524
2113,12,0
2114,1,0.16791
2114,2,0.72375
2114,3,0
2114,4,9.8547
2114,5,80.2
2114,6,378.96
2114,7,132.9
2114,8,186.31
2114,9,97.15
2114,10,8.9213
2114,11,132.12
2114,12,55.192
2115,1,0.89774
2115,2,0
2115,3,0.30488
2115,4,226.03
2115,5,306.18
2115,6,174.23
2115,7,33.522
2115,8,203.76
2115,9,20.277
2115,10,177.88
2115,11,5.1894
2115,12,0
2116,1,0
2116,2,0
2116,3,2.6082
2116,4,30.873
2116,5,90.753
2116,6,260.31
2116,7,266.9
2116,8,154.49
2116,9,72.442
2116,10,93.792
2116,11,8.6375
2116,12,0.49907
2117,1,0
2117,2,0
2117,3,16.045
2117,4,33.982
2117,5,223.9
2117,6,56.508
2117,7,310.88
2117,8,79.115
2117,9,142.4
2117,10,98.037
2117,11,10.175
2117,12,0
2118,1,0
2118,2,0
2118,3,0.11117
2118,4,99.835
2118,5,175.18
2118,6,26.973
2118,7,489.33
2118,8,29.823
2118,9,120.41
2118,10,37.708
2118,11,4.8503
2118,12,0
2119,1,0.57852
2119,2,0.050886
2119,3,6.7219
2119,4,44.094
2119,5,162.99
2119,6,57.971
2119,7,515.67
2119,8,147.56
2119,9,36.328
2119,10,169.04
2119,11,41.962
2119,12,9.4031
2120,1,15.176
2120,2,1.9491
2120,3,57.366
2120,4,102.11
2120,5,94.169
2120,6,29.366
2120,7,586.94
2120,8,250.87
2120,9,153.23
2120,10,14.338
2120,11,5.7304
2120,12,13.029
2121,1,0
2121,2,3.555
2121,3,0.20272
2121,4,12.014
2121,5,183.93
2121,6,306.65
2121,7,296.38
2121,8,22.601
2121,9,88.91
2121,10,43.581
2121,11,37.918
2121,12,44.332
2122,1,0
2122,2,3.8103
2122,3,48.698
2122,4,153.77
2122,5,119.17
2122,6,269.76
2122,7,414.63
2122,8,21.862
2122,9,52.348
2122,10,107.79
2122,11,5.0084
2122,12,0
2123,1,0.74708
2123,2,2.6576
2123,3,44.679
2123,4,167.87
2123,5,405.12
2123,6,296.36
2123,7,142.36
2123,8,37.86
2123,9,111.51
2123,10,21.337
2123,11,16.583
2123,12,0
2124,1,0
2124,2,0
2124,3,12.59
2124,4,39.013
2124,5,324.04
2124,6,268.13
2124,7,216.23
2124,8,149.32
2124,9,67.486
2124,10,170.12
2124,11,144.3
2124,12,115.43
2125,1,6.2459
2125,2,56.912
2125,3,25.247
2125,4,9.2066
2125,5,622.11
2125,6,154.88
2125,7,200.5
2125,8,72.067
2125,9,93.324
2125,10,7.7245
2125,11,37.516
2125,12,0.60667
2126,1,0.81533
2126,2,13.828
2126,3,6.4338
2126,4,21.408
2126,5,151.26
2126,6,558.14
2126,7,577.05
2126,8,92.168
2126,9,68.596
2126,10,32.961
2126,11,45.264
2126,12,0
2127,1,0.0090568
2127,2,0.0026686
2127,3,1.3727
2127,4,5.7655
2127,5,304.59
2127,6,162.85
2127,7,390.42
2127,8,61.065
2127,9,29.526
2127,10,96.106
2127,11,0
2127,12,5.7185
2128,1,0
2128,2,10.76
2128,3,4.0662
2128,4,112.75
2128,5,72.442
2128,6,170.88
2128,7,343.98
2128,8,88.727
2128,9,37.036
2128,10,187.74
2128,11,129.41
2128,12,6.8236
2129,1,0
2129,2,4.8465
2129,3,35.948
2129,4,34.58
2129,5,195.98
2129,6,125.35
2129,7,256.94
2129,8,95.276
2129,9,123.73
2129,10,38.763
2129,11,57.465
2129,12,10.094
2130,1,42.078
2130,2,49.748
2130,3,0.55275
2130,4,10.927
2130,5,344.08
2130,6,267.13
2130,7,307.66
2130,8,236.89
2130,9,67.975
2130,10,67.345
2130,11,36.198
2130,12,0
2131,1,8.9718
2131,2,0
2131,3,10.99
2131,4,110.71
2131,5,169.03
2131,6,78.935
2131,7,457
2131,8,276.13
2131,9,42.507
2131,10,55.414
2131,11,14.09
2131,12,0.3107
2132,1,10.286
2132,2,0
2132,3,5.0196
2132,4,4.2046
2132,5,100.63
2132,6,76.624
2132,7,273.58
2132,8,181.93
2132,9,131.18
2132,10,42.421
2132,11,142.12
2132,12,0
2133,1,0.9132
2133,2,0
2133,3,0.12044
2133,4,1.9579
2133,5,107.94
2133,6,163.82
2133,7,19.545
2133,8,291.86
2133,9,9.5324
2133,10,1.0122
2133,11,2.4257
2133,12,7.3602
2134,1,3.7949
2134,2,22.194
2134,3,108.19
2134,4,11.384
2134,5,147.17
2134,6,51.523
2134,7,239.36
2134,8,338.39
2134,9,87.621
2134,10,103.43
2134,11,87.953
2134,12,178.23
2135,1,0.80519
2135,2,4.1752
2135,3,0
2135,4,57.298
2135,5,133.56
2135,6,93.386
2135,7,314.38
2135,8,376.54
2135,9,101.58
2135,10,17.585
2135,11,10.437
2135,12,63.975
2136,1,1.9443
2136,2,28.056
2136,3,93.757
2136,4,8.2457
2136,5,155.66
2136,6,374.13
2136,7,364.73
2136,8,111.63
2136,9,162.8
2136,10,31.668
2136,11,12.822
2136,12,14.434
2137,1,0
2137,2,1.9459
2137,3,2.625
2137,4,20.497
2137,5,328.98
2137,6,63.033
2137,7,153.58
2137,8,53.52
2137,9,41.227
2137,10,117.89
2137,11,165.32
2137,12,46.796
2138,1,15.109
2138,2,0.2137
2138,3,34.496
2138,4,24.573
2138,5,107.85
2138,6,189.89
2138,7,203.65
2138,8,467.47
2138,9,28.174
2138,10,143.06
2138,11,62.436
2138,12,73.342
2139,1,3.9995
2139,2,0.8238
2139,3,0.36407
2139,4,168.53
2139,5,130.96
2139,6,180.84
2139,7,138.28
2139,8,179.14
2139,9,194.87
2139,10,88.371
2139,11,52.349
2139,12,8.438
2140,1,29.85
2140,2,4.3403
2140,3,28.986
2140,4,1.6094
2140,5,85.716
2140,6,207.03
2140,7,46.462
2140,8,345.65
2140,9,89.333
2140,10,51.463
2140,11,1.7387
2140,12,9.9658
2141,1,0
2141,2,0
2141,3,38.843
2141,4,8.1019
2141,5,97.095
2141,6,186.72
2141,7,424.32
2141,8,129.09
2141,9,108.52
2141,10,18.933
2141,11,3.1038
2141,12,0.38945
2142,1,0
2142,2,0
2142,3,0.14061
2142,4,10.512
2142,5,65.948
2142,6,278.89
2142,7,456.43
2142,8,287.72
2142,9,198.31
2142,10,18.141
2142,11,89.108
2142,12,42.404
2143,1,0.74395
2143,2,0
2143,3,20.684
2143,4,1.2351
2143,5,109.1
2143,6,560.15
2143,7,274.16
2143,8,236.68
2143,9,38.159
2143,10,48.105
2143,11,28.405
2143,12,55.908
2144,1,0
2144,2,0.5538
2144,3,0.023911
2144,4,123.29
2144,5,14.863
2144,6,332.44
2144,7,197.89
2144,8,309.8
2144,9,63.175
2144,10,53.889
2144,11,22.271
2144,12,1.8881
2145,1,2.391
2145,2,10.711
2145,3,0.20071
2145,4,64.962
2145,5,87.926
2145,6,417.84
2145,7,296.3
2145,8,30.035
2145,9,44.699
2145,10,14.291
2145,11,0.83037
2145,12,0
2146,1,0.2129
2146,2,0
2146,3,2.5088
2146,4,0.052747
2146,5,238.54
2146,6,413.19
2146,7,389.2
2146,8,327.04
2146,9,22.223
2146,10,101.68
2146,11,33.695
2146,12,24.881
2147,1,0.81312
2147,2,0
2147,3,1.0506
2147,4,59.15
2147,5,406.89
2147,6,224.51
2147,7,356.01
2147,8,60.572
2147,9,19.88
2147,10,26.403
2147,11,5.6752
2147,12,33.55
2148,1,5.8796
2148,2,0
2148,3,0.47885
2148,4,6.1825
2148,5,123.52
2148,6,183.03
2148,7,226.91
2148,8,191.15
2148,9,235.68
2148,10,60.644
2148,11,17.879
2148,12,0
2149,1,0.52449
2149,2,53.88
2149,3,6.3941
2149,4,95.102
2149,5,152.42
2149,6,70.338
2149,7,248.53
2149,8,300.84
2149,9,79.836
2149,10,210.57
2149,11,49.157
2149,12,205.98
2150,1,1.878
2150,2,0
2150,3,7.2953
2150,4,0.049172
2150,5,93.619
2150,6,257.13
2150,7,602.86
2150,8,119.95
2150,9,114.62
2150,10,24.907
2150,11,3.146
2150,12,1.5463
2151,1,0
2151,2,0.1099
2151,3,6.5124
2151,4,44.13
2151,5,51.839
2151,6,140.56
2151,7,388.7
2151,8,379.03
2151,9,29.28
2151,10,21.882
2151,11,9.301
2151,12,20.524
2152,1,0.51738
2152,2,4.6801
2152,3,0.30706
2152,4,17.186
2152,5,402.28
2152,6,261.82
2152,7,100.59
2152,8,113.61
2152,9,164.24
2152,10,27.053
2152,11,5.3726
2152,12,0.004166
2153,1,2.287
2153,2,21.853
2153,3,80.846
2153,4,60.231
2153,5,679.32
2153,6,115.33
2153,7,67.577
2153,8,31.946
2153,9,81.051
2153,10,2.2864
2153,11,63.977
2153,12,57
2154,1,2.6475
2154,2,2.1879
2154,3,3.5611
2154,4,2.6074
2154,5,360.05
2154,6,238.67
2154,7,185.52
2154,8,93.944
2154,9,239.07
2154,10,0.3656
2154,11,12.656
2154,12,30.088
2155,1,0
2155,2,10.979
2155,3,1.5691
2155,4,48.521
2155,5,181.83
2155,6,435.82
2155,7,116.98
2155,8,23.667
2155,9,272.37
2155,10,24.059
2155,11,2.9303
2155,12,4.6657
2156,1,3.9992
2156,2,14.95
2156,3,11.628
2156,4,19.059
2156,5,39.237
2156,6,219.35
2156,7,173.32
2156,8,111.14
2156,9,142.21
2156,10,3.1798
2156,11,21.057
2156,12,20.077
2157,1,0.6959
2157,2,10.909
2157,3,9.6264
2157,4,24.715
2157,5,19.459
2157,6,267.76
2157,7,365.5
2157,8,195.71
2157,9,134.23
2157,10,164.92
2157,11,48.294
2157,12,79.665
2158,1,29.94
2158,2,4.2842
2158,3,23.417
2158,4,23.76
2158,5,128.38
2158,6,362.3
2158,7,141.25
2158,8,403.57
2158,9,161.02
2158,10,38.083
2158,11,1.4643
2158,12,0.035531
2159,1,8.9799
2159,2,3.5481
2159,3,0.16422
2159,4,4.3293
2159,5,158.05
2159,6,692.88
2159,7,25.942
2159,8,106.32
2159,9,37.266
2159,10,1.6342
2159,11,20.036
2159,12,13.656
2160,1,15.38
2160,2,19.767
2160,3,19.481
2160,4,21.37
2160,5,232.85
2160,6,156.95
2160,7,334.49
2160,8,314.42
2160,9,21.523
2160,10,20.186
2160,11,48.257
2160,12,55.998
2161,1,2.0457
2161,2,18.61
2161,3,4.3764
2161,4,41.672
2161,5,137.37
2161,6,307.56
2161,7,121.33
2161,8,241.46
2161,9,100.99
2161,10,178.32
2161,11,8.5357
2161,12,48.47
2162,1,1.9446
2162,2,17.479
2162,3,73.874
2162,4,13.867
2162,5,103.69
2162,6,341.72
2162,7,160.16
2162,8,282.22
2162,9,133.92
2162,10,36.588
2162,11,58.444
2162,12,107.8
2163,1,0.73778
2163,2,16.867
2163,3,0
2163,4,124.38
2163,5,146.8
2163,6,78.483
2163,7,117.92
2163,8,241.08
2163,9,295.06
2163,10,181.02
2163,11,12.445
2163,12,15.173
2164,1,6.3907
2164,2,0
2164,3,1.8573
2164,4,97.525
2164,5,367.23
2164,6,44.531
2164,7,414.38
2164,8,77.077
2164,9,21.623
2164,10,24.81
2164,11,7.9738
2164,12,14.618
2165,1,0
2165,2,0.092857
2165,3,5.3126
2165,4,120.92
2165,5,62.956
2165,6,319.38
2165,7,156.78
2165,8,96.874
2165,9,76.665
2165,10,40.85
2165,11,61.8
2165,12,115.21
2166,1,5.8211
2166,2,0.36732
2166,3,3.0266
2166,4,142.74
2166,5,117.32
2166,6,266.55
2166,7,260.27
2166,8,204.89
2166,9,21.54
2166,10,86.324
2166,11,142.99
2166,12,18.764
2167,1,8.8722
2167,2,39.194
2167,3,55.372
2167,4,16.553
2167,5,255.41
2167,6,442.73
2167,7,507.12
2167,8,226.01
2167,9,256.22
2167,10,35.694
2167,11,26.583
2167,12,6.8926
2168,1,2.6298
2168,2,48.333
2168,3,12.881
2168,4,197.03
2168,5,94.395
2168,6,224.41
2168,7,525.77
2168,8,335.5
2168,9,95.075
2168,10,147.65
2168,11,47.514
2168,12,13.566
2169,1,0
2169,2,6.2917
2169,3,5.253
2169,4,92.571
2169,5,81.224
2169,6,489.81
2169,7,189.28
2169,8,50.576
2169,9,33.745
2169,10,162.82
2169,11,142.25
2169,12,9.8235
2170,1,10.496
2170,2,3.1093
2170,3,20.367
2170,4,178.16
2170,5,181.44
2170,6,101.71
2170,7,453.72
2170,8,252.41
2170,9,38.969
2170,10,2.0109
2170,11,0.70087
2170,12,127.02
2171,1,0.23926
2171,2,0
2171,3,0
2171,4,102.04
2171,5,30.122
2171,6,309.5
2171,7,317.71
2171,8,135.24
2171,9,60.578
2171,10,73.035
2171,11,20.064
2171,12,0
2172,1,0
2172,2,0.58794
2172,3,10.716
2172,4,79.458
2172,5,255.35
2172,6,371.72
2172,7,296.06
2172,8,194.97
2172,9,69.286
2172,10,19.278
2172,11,61.253
2172,12,10.95
2173,1,5.7297
2173,2,3.6157
2173,3,0
2173,4,37.708
2173,5,90.424
2173,6,164.1
2173,7,459.43
2173,8,299.94
2173,9,140.51
2173,10,27.961
2173,11,1.1236
2173,12,0
2174,1,4.7816
2174,2,25.473
2174,3,102.1
2174,4,39.738
2174,5,247.41
2174,6,399.17
2174,7,58.481
2174,8,100.01
2174,9,65.09
2174,10,1.0998
2174,11,46.504
2174,12,71.043
2175,1,1.6998
2175,2,3.3395
2175,3,0.98566
2175,4,72.282
2175,5,40.843
2175,6,265.43
2175,7,571.33
2175,8,61.17
2175,9,69.689
2175,10,2.166
2175,11,16.974
2175,12,31.908
2176,1,1.8764
2176,2,0
2176,3,24.205
2176,4,99.195
2176,5,249.14
2176,6,346.39
2176,7,182.63
2176,8,83.897
2176,9,59.426
2176,10,59.834
2176,11,25.86
2176,12,9.9956
2177,1,0
2177,2,3.5742
2177,3,0.17083
2177,4,63.279
2177,5,123.76
2177,6,324.16
2177,7,188.32
2177,8,19.193
2177,9,41.442
2177,10,0
2177,11,2.8436
2177,12,0
2178,1,0
2178,2,12.081
2178,3,0.90294
2178,4,31.539
2178,5,124.74
2178,6,141.08
2178,7,187.73
2178,8,177.19
2178,9,42.958
2178,10,129.07
2178,11,183.02
2178,12,81.644
2179,1,2.33
2179,2,0.7488
2179,3,48.614
2179,4,7.918
2179,5,240.05
2179,6,347.15
2179,7,173.55
2179,8,111.34
2179,9,106.25
2179,10,161.39
2179,11,25.762
2179,12,26.178
2180,1,1.9864
2180,2,9.1181
2180,3,9.0522
2180,4,76.308
2180,5,428.06
2180,6,324.01
2180,7,48.392
2180,8,170.85
2180,9,37.419
2180,10,8.3457
2180,11,44.181
2180,12,42.094
2181,1,0.92052
2181,2,0
2181,3,17.288
2181,4,79.736
2181,5,51.47
2181,6,563.81
2181,7,232.55
2181,8,30.068
2181,9,70.667
2181,10,20.107
2181,11,4.6204
2181,12,60.898
2182,1,2.4563
2182,2,5.2618
2182,3,1.692
2182,4,11.302
2182,5,196.82
2182,6,541.34
2182,7,127.51
2182,8,42.982
2182,9,85.487
2182,10,18.238
2182,11,48.659
2182,12,15.838
2183,1,4.5384
2183,2,92.577
2183,3,8.2532
2183,4,67.9
2183,5,151.22
2183,6,296.12
2183,7,320.87
2183,8,51.752
2183,9,75.31
2183,10,30.367
2183,11,90.815
2183,12,144.72
2184,1,4.3298
2184,2,1.9545
2184,3,9.8957
2184,4,126.18
2184,5,379.02
2184,6,244.97
2184,7,286.47
2184,8,66.882
2184,9,154.55
2184,10,70.393
2184,11,14.418
2184,12,110.04
2185,1,1.6616
2185,2,0
2185,3,0.24121
2185,4,7.735
2185,5,296.39
2185,6,74.771
2185,7,507.17
2185,8,72.703
2185,9,25.287
2185,10,38.93
2185,11,0.4818
2185,12,0
2186,1,0.60642
2186,2,0.043629
2186,3,0
2186,4,20.713
2186,5,385.23
2186,6,236.11
2186,7,168.97
2186,8,182.58
2186,9,116.02
2186,10,103.07
2186,11,80.1
2186,12,83.733
2187,1,0.10265
2187,2,13.777
2187,3,1.6364
2187,4,182.23
2187,5,55.221
2187,6,242.38
2187,7,197.82
2187,8,333.5
2187,9,21.577
2187,10,36.84
2187,11,5.4261
2187,12,27.561
2188,1,0
2188,2,4.8681
2188,3,43.232
2188,4,22.469
2188,5,113.18
2188,6,333.27
2188,7,67.75
2188,8,187.04
2188,9,16.867
2188,10,36.393
2188,11,51.844
2188,12,8.1479
2189,1,16.548
2189,2,13.611
2189,3,25.432
2189,4,139.74
2189,5,385.72
2189,6,141.73
2189,7,192.2
2189,8,80.624
2189,9,42.896
2189,10,16.149
2189,11,14.521
2189,12,37.182
2190,1,7.5501
2190,2,0
2190,3,15.552
2190,4,73.901
2190,5,335.94
2190,6,365.83
2190,7,91.39
2190,8,145.76
2190,9,36.852
2190,10,59.191
2190,11,11.458
2190,12,0
2191,1,3.2475
2191,2,0
2191,3,5.7511
2191,4,23.062
2191,5,93.658
2191,6,427.82
2191,7,496.59
2191,8,174.89
2191,9,57.534
2191,10,146.58
2191,11,38.31
2191,12,3.2601
2192,1,20.648
2192,2,0
2192,3,22.9
2192,4,28.15
2192,5,231.33
2192,6,51.631
2192,7,256.3
2192,8,174.39
2192,9,131.06
2192,10,40.538
2192,11,72.676
2192,12,0
2193,1,0.91785
2193,2,1.893
2193,3,71.019
2193,4,46.052
2193,5,129.89
2193,6,400.51
2193,7,295.86
2193,8,84.564
2193,9,101.63
2193,10,23.379
2193,11,1.0186
2193,12,12.134
2194,1,1.0699
2194,2,20.858
2194,3,16.761
2194,4,74.968
2194,5,199.11
2194,6,417.45
2194,7,81.12
2194,8,221.13
2194,9,53.268
2194,10,121.3
2194,11,97.968
2194,12,0
2195,1,38.45
2195,2,0.33957
2195,3,17.272
2195,4,97.979
2195,5,451.23
2195,6,292.8
2195,7,81.858
2195,8,94.12
2195,9,48.914
2195,10,9.4385
2195,11,37.136
2195,12,4.9185
2196,1,3.1567
2196,2,0
2196,3,16.805
2196,4,17.314
2196,5,64.742
2196,6,564.83
2196,7,236.24
2196,8,62.609
2196,9,43.083
2196,10,57.868
2196,11,4.2189
2196,12,0.11262
2197,1,6.3966
2197,2,0.086393
2197,3,6.3893
2197,4,194.54
2197,5,70.005
2197,6,265.68
2197,7,231.17
2197,8,61.877
2197,9,35.265
2197,10,78.968
2197,11,0.76229
2197,12,0
2198,1,14.049
2198,2,0.28768
2198,3,102.98
2198,4,115.18
2198,5,159.63
2198,6,84.022
2198,7,39.94
2198,8,151.03
2198,9,84.644
2198,10,224.9
2198,11,4.1134
2198,12,0.23265
2199,1,2.2629
2199,2,3.8254
2199,3,26.846
2199,4,268.72
2199,5,180.74
2199,6,260.47
2199,7,268.66
2199,8,234.6
2199,9,60.018
2199,10,96.376
2199,11,0.58391
2199,12,46.623
